seed,epoch,train_loss,dev_loss,dev_acc,dev_wf1,dev_mf1,f1_anger,f1_disgust,f1_fear,f1_joy,f1_neutral,f1_sadness,f1_surprise,norm_text,contrib_text,contribc_text,norm_audio,contrib_audio,contribc_audio
42,1,1.42329,1.34825,0.5343,0.44836,0.24904,0.2981,0.0,0.0,0.435,0.717,0.0,0.2932,24.676,9.495,4.236,25.503,18.697,7.165
42,2,1.22861,1.27271,0.58032,0.52909,0.32709,0.4579,0.0,0.0,0.5115,0.7482,0.1,0.472,21.825,10.322,5.267,23.509,19.401,8.215
42,3,1.15059,1.23193,0.58664,0.53065,0.33196,0.4417,0.0,0.0,0.5052,0.7418,0.1311,0.5039,19.662,10.441,5.716,22.314,19.958,8.871
42,4,1.08837,1.18428,0.58935,0.5493,0.35467,0.4033,0.0,0.0,0.5272,0.7534,0.3125,0.4863,18.566,10.074,5.935,21.83,19.486,9.181
42,5,1.0381,1.17723,0.59838,0.55643,0.36124,0.4633,0.0,0.0,0.5465,0.7482,0.255,0.5157,18.302,9.858,5.971,21.744,19.217,9.316
43,1,1.42381,1.38475,0.52617,0.44842,0.25092,0.1379,0.0,0.0,0.4044,0.716,0.0179,0.4802,24.998,10.02,4.546,25.171,17.042,7.058
43,2,1.23608,1.235,0.58032,0.53603,0.34052,0.4385,0.0,0.0,0.5028,0.7478,0.2568,0.4378,21.778,10.226,5.439,22.812,18.783,8.45
43,3,1.14571,1.21305,0.58394,0.5363,0.34269,0.4985,0.0,0.0,0.4811,0.7402,0.2429,0.4362,19.7,10.303,5.749,21.67,19.367,8.979
43,4,1.09048,1.1876,0.59838,0.55742,0.36256,0.4527,0.0,0.0,0.5297,0.7548,0.3097,0.4911,18.604,9.999,5.871,21.209,18.867,9.148
43,5,1.03641,1.17745,0.59477,0.55327,0.35752,0.4385,0.0,0.0,0.5314,0.7541,0.2857,0.493,18.374,9.813,5.934,21.139,18.439,9.231
44,1,1.41272,1.3548,0.53791,0.47206,0.27158,0.2985,0.0,0.0,0.4474,0.7289,0.0345,0.3918,24.936,10.06,4.492,25.622,17.389,6.971
44,2,1.22876,1.24186,0.56769,0.52286,0.33319,0.425,0.0,0.0,0.4832,0.7252,0.2416,0.4573,21.832,10.501,5.329,23.506,19.064,8.264
44,3,1.14689,1.21873,0.58213,0.53714,0.34461,0.4087,0.0,0.0,0.5242,0.739,0.2685,0.4719,19.748,10.468,5.757,22.331,19.052,8.897
44,4,1.08157,1.20035,0.59296,0.55055,0.35201,0.5072,0.0,0.0,0.5114,0.7521,0.197,0.4964,18.795,10.47,5.877,21.801,19.161,9.145
44,5,1.03607,1.17448,0.60018,0.55903,0.36294,0.4776,0.0,0.0,0.5198,0.7559,0.2819,0.5054,18.511,10.223,5.895,21.72,18.691,9.241
