seed,epoch,train_loss,dev_loss,dev_acc,dev_wf1,dev_mf1,f1_anger,f1_disgust,f1_fear,f1_joy,f1_neutral,f1_sadness,f1_surprise,norm_audio,contrib_audio,contribc_audio
42,1,1.51987,1.50978,0.46119,0.37411,0.19616,0.3273,0.0,0.0,0.2588,0.6401,0.0,0.1469,26.059,24.116,9.36
42,2,1.42808,1.49144,0.45939,0.39907,0.22261,0.4394,0.0,0.0,0.2609,0.6407,0.0172,0.2,24.682,27.848,11.343
42,3,1.38291,1.45807,0.47834,0.39516,0.22021,0.3636,0.0,0.0,0.2129,0.6418,0.0508,0.2723,23.787,28.277,12.453
42,4,1.33718,1.43898,0.49007,0.43061,0.25848,0.4329,0.0,0.0,0.2318,0.6513,0.163,0.3304,23.381,26.909,12.997
42,5,1.29758,1.43239,0.49549,0.43248,0.25874,0.439,0.0,0.0,0.2353,0.6556,0.1538,0.3274,23.289,26.229,13.178
43,1,1.52526,1.5298,0.43863,0.28946,0.12085,0.097,0.0,0.0,0.0565,0.6044,0.0,0.0881,26.222,25.5,8.921
43,2,1.43276,1.46079,0.47834,0.39763,0.22527,0.4113,0.0,0.0,0.1912,0.6381,0.0826,0.2537,24.872,27.178,10.89
43,3,1.38423,1.45777,0.48736,0.41002,0.23722,0.4526,0.0,0.0,0.1878,0.6452,0.1129,0.2621,24.045,28.494,11.879
43,4,1.34301,1.45115,0.48105,0.40882,0.23708,0.4454,0.0,0.0,0.2436,0.643,0.1429,0.1848,23.714,27.877,12.468
43,5,1.30544,1.43655,0.49368,0.4296,0.25799,0.4659,0.0,0.0,0.2199,0.6489,0.1575,0.3139,23.62,26.459,12.723
44,1,1.51049,1.51678,0.45578,0.38608,0.2115,0.374,0.0,0.0,0.2448,0.6313,0.0,0.2304,26.452,25.11,9.164
44,2,1.42871,1.49138,0.46119,0.36657,0.18916,0.2857,0.0,0.0,0.2515,0.6398,0.0177,0.1294,25.209,27.588,11.19
44,3,1.38008,1.44691,0.47563,0.40124,0.23074,0.4051,0.0,0.0,0.2151,0.6397,0.1481,0.2073,24.473,27.939,12.148
44,4,1.34021,1.45089,0.47202,0.41624,0.24367,0.4255,0.0,0.0,0.2751,0.6403,0.0968,0.2679,24.133,27.196,12.66
44,5,1.30069,1.43202,0.48917,0.42792,0.25589,0.4487,0.0,0.0,0.2381,0.6474,0.1417,0.3153,24.066,26.579,12.789
