seed,epoch,train_loss,dev_loss,dev_acc,dev_wf1,dev_mf1,f1_anger,f1_disgust,f1_fear,f1_joy,f1_neutral,f1_sadness,f1_surprise,norm_text,contrib_text,contribc_text
42,1,1.26164,1.17434,0.61552,0.58102,0.40333,0.3713,0.1481,0.0,0.5588,0.7662,0.3473,0.6316,27.158,16.866,10.091
42,2,1.02849,1.12145,0.61372,0.59642,0.45051,0.4255,0.2353,0.2222,0.5824,0.7688,0.3007,0.6188,26.66,20.261,14.031
42,3,0.85651,1.13609,0.62094,0.60293,0.47108,0.4157,0.2174,0.3611,0.5841,0.7689,0.3377,0.6127,26.426,21.906,15.784
42,4,0.67176,1.26762,0.61011,0.60395,0.47054,0.427,0.2692,0.2581,0.5537,0.77,0.4145,0.6012,26.409,24.544,19.674
42,5,0.53486,1.38757,0.59838,0.59091,0.45777,0.4116,0.2667,0.2319,0.5376,0.7565,0.4062,0.5939,26.46,25.866,21.405
43,1,1.28252,1.21149,0.61191,0.56372,0.36791,0.3148,0.0,0.0,0.5747,0.7582,0.3077,0.6199,26.965,17.766,11.657
43,2,1.03645,1.11058,0.61101,0.60095,0.45463,0.4255,0.2051,0.2,0.5804,0.7621,0.3896,0.6196,26.401,19.816,13.46
43,3,0.85897,1.18567,0.60921,0.59472,0.44824,0.4323,0.2326,0.2121,0.5732,0.7703,0.3353,0.5819,26.176,22.208,16.782
43,4,0.6771,1.27254,0.59928,0.58953,0.45428,0.3941,0.2308,0.254,0.5768,0.7508,0.3719,0.6018,26.111,23.524,18.503
43,5,0.5471,1.39396,0.60199,0.591,0.45703,0.4015,0.2264,0.2609,0.5681,0.748,0.3736,0.6207,26.2,25.47,20.519
44,1,1.27456,1.23396,0.6074,0.57225,0.3826,0.3465,0.08,0.0,0.5722,0.7748,0.3353,0.5695,26.924,18.304,12.507
44,2,1.02375,1.11635,0.63267,0.60391,0.44512,0.3713,0.1429,0.2222,0.5766,0.7859,0.3799,0.6372,26.243,19.292,12.912
44,3,0.85146,1.17587,0.61462,0.59469,0.44072,0.3672,0.2222,0.12,0.568,0.768,0.4021,0.6375,25.993,23.252,17.787
44,4,0.66768,1.26268,0.60289,0.58629,0.44673,0.408,0.2791,0.1923,0.5556,0.7595,0.3415,0.5912,25.971,24.163,19.074
44,5,0.53237,1.41513,0.59747,0.58283,0.4369,0.4245,0.2439,0.1587,0.5337,0.7558,0.3488,0.5928,26.1,25.97,21.491
