run,step,epoch,loss,grad_norm,lr_text,lr_head
text+audio_text_ln_lrh0.001_frozen_e1_s42,1,1,1.87569,9.1298,0.0,1.6129032258064517e-05
text+audio_text_ln_lrh0.001_frozen_e1_s42,2,1,1.89782,5.0065,0.0,3.2258064516129034e-05
text+audio_text_ln_lrh0.001_frozen_e1_s42,3,1,1.91291,8.0514,0.0,4.838709677419355e-05
text+audio_text_ln_lrh0.001_frozen_e1_s42,4,1,1.89445,4.6229,0.0,6.451612903225807e-05
text+audio_text_ln_lrh0.001_frozen_e1_s42,5,1,1.86963,4.3714,0.0,8.064516129032258e-05
text+audio_text_ln_lrh0.001_frozen_e1_s42,6,1,1.85584,8.7726,0.0,9.67741935483871e-05
text+audio_text_ln_lrh0.001_frozen_e1_s42,7,1,1.72804,7.6625,0.0,0.00011290322580645161
text+audio_text_ln_lrh0.001_frozen_e1_s42,8,1,1.80409,6.5932,0.0,0.00012903225806451613
text+audio_text_ln_lrh0.001_frozen_e1_s42,9,1,1.73903,5.1038,0.0,0.00014516129032258066
text+audio_text_ln_lrh0.001_frozen_e1_s42,10,1,1.7316,3.8859,0.0,0.00016129032258064516
text+audio_text_ln_lrh0.001_frozen_e1_s42,11,1,1.73933,3.7799,0.0,0.0001774193548387097
text+audio_text_ln_lrh0.001_frozen_e1_s42,12,1,1.41425,7.5588,0.0,0.0001935483870967742
text+audio_text_ln_lrh0.001_frozen_e1_s42,13,1,1.71219,3.4421,0.0,0.00020967741935483871
text+audio_text_ln_lrh0.001_frozen_e1_s42,14,1,1.68816,3.4781,0.0,0.00022580645161290321
text+audio_text_ln_lrh0.001_frozen_e1_s42,15,1,1.57388,3.6726,0.0,0.00024193548387096774
text+audio_text_ln_lrh0.001_frozen_e1_s42,16,1,1.43023,4.7889,0.0,0.00025806451612903227
text+audio_text_ln_lrh0.001_frozen_e1_s42,17,1,1.60217,3.5761,0.0,0.00027419354838709674
text+audio_text_ln_lrh0.001_frozen_e1_s42,18,1,1.75834,5.3891,0.0,0.0002903225806451613
text+audio_text_ln_lrh0.001_frozen_e1_s42,19,1,1.55856,2.8766,0.0,0.0003064516129032258
text+audio_text_ln_lrh0.001_frozen_e1_s42,20,1,1.5057,3.8961,0.0,0.0003225806451612903
text+audio_text_ln_lrh0.001_frozen_e1_s42,21,1,1.43425,2.8004,0.0,0.00033870967741935485
text+audio_text_ln_lrh0.001_frozen_e1_s42,22,1,1.75872,5.6848,0.0,0.0003548387096774194
text+audio_text_ln_lrh0.001_frozen_e1_s42,23,1,1.68001,3.7142,0.0,0.0003709677419354839
text+audio_text_ln_lrh0.001_frozen_e1_s42,24,1,1.25732,3.3181,0.0,0.0003870967741935484
text+audio_text_ln_lrh0.001_frozen_e1_s42,25,1,1.71527,5.1098,0.0,0.0004032258064516129
text+audio_text_ln_lrh0.001_frozen_e1_s42,26,1,1.37608,2.9894,0.0,0.00041935483870967743
text+audio_text_ln_lrh0.001_frozen_e1_s42,27,1,1.44931,3.9364,0.0,0.00043548387096774196
text+audio_text_ln_lrh0.001_frozen_e1_s42,28,1,1.90603,4.068,0.0,0.00045161290322580643
text+audio_text_ln_lrh0.001_frozen_e1_s42,29,1,1.73605,3.41,0.0,0.00046774193548387096
text+audio_text_ln_lrh0.001_frozen_e1_s42,30,1,1.76462,3.3789,0.0,0.0004838709677419355
text+audio_text_ln_lrh0.001_frozen_e1_s42,31,1,1.89146,4.1346,0.0,0.0005
text+audio_text_ln_lrh0.001_frozen_e1_s42,32,1,1.64938,3.5254,0.0,0.0005161290322580645
text+audio_text_ln_lrh0.001_frozen_e1_s42,33,1,1.13383,4.7523,0.0,0.0005322580645161291
text+audio_text_ln_lrh0.001_frozen_e1_s42,34,1,1.50525,3.4672,0.0,0.0005483870967741935
text+audio_text_ln_lrh0.001_frozen_e1_s42,35,1,1.20834,3.599,0.0,0.0005645161290322581
text+audio_text_ln_lrh0.001_frozen_e1_s42,36,1,1.68837,3.6163,0.0,0.0005806451612903226
text+audio_text_ln_lrh0.001_frozen_e1_s42,37,1,1.444,2.5808,0.0,0.0005967741935483872
text+audio_text_ln_lrh0.001_frozen_e1_s42,38,1,1.72204,4.6554,0.0,0.0006129032258064516
text+audio_text_ln_lrh0.001_frozen_e1_s42,39,1,1.26835,4.9306,0.0,0.0006290322580645161
text+audio_text_ln_lrh0.001_frozen_e1_s42,40,1,1.38953,3.8964,0.0,0.0006451612903225806
text+audio_text_ln_lrh0.001_frozen_e1_s42,41,1,1.54739,2.6696,0.0,0.0006612903225806452
text+audio_text_ln_lrh0.001_frozen_e1_s42,42,1,1.33552,3.5312,0.0,0.0006774193548387097
text+audio_text_ln_lrh0.001_frozen_e1_s42,43,1,1.21903,3.4214,0.0,0.0006935483870967742
text+audio_text_ln_lrh0.001_frozen_e1_s42,44,1,1.06941,4.4505,0.0,0.0007096774193548388
text+audio_text_ln_lrh0.001_frozen_e1_s42,45,1,1.23393,3.4029,0.0,0.0007258064516129033
text+audio_text_ln_lrh0.001_frozen_e1_s42,46,1,1.76091,5.9198,0.0,0.0007419354838709678
text+audio_text_ln_lrh0.001_frozen_e1_s42,47,1,1.76464,5.9627,0.0,0.0007580645161290322
text+audio_text_ln_lrh0.001_frozen_e1_s42,48,1,1.49622,4.8209,0.0,0.0007741935483870968
text+audio_text_ln_lrh0.001_frozen_e1_s42,49,1,0.93838,3.8468,0.0,0.0007903225806451613
text+audio_text_ln_lrh0.001_frozen_e1_s42,50,1,1.68971,3.8243,0.0,0.0008064516129032258
text+audio_text_ln_lrh0.001_frozen_e1_s42,51,1,1.75144,4.5599,0.0,0.0008225806451612903
text+audio_text_ln_lrh0.001_frozen_e1_s42,52,1,2.10206,8.2047,0.0,0.0008387096774193549
text+audio_text_ln_lrh0.001_frozen_e1_s42,53,1,1.99269,7.4232,0.0,0.0008548387096774194
text+audio_text_ln_lrh0.001_frozen_e1_s42,54,1,1.44027,4.1395,0.0,0.0008709677419354839
text+audio_text_ln_lrh0.001_frozen_e1_s42,55,1,1.55577,4.9486,0.0,0.0008870967741935484
text+audio_text_ln_lrh0.001_frozen_e1_s42,56,1,1.49081,2.5407,0.0,0.0009032258064516129
text+audio_text_ln_lrh0.001_frozen_e1_s42,57,1,1.53278,2.4526,0.0,0.0009193548387096774
text+audio_text_ln_lrh0.001_frozen_e1_s42,58,1,1.58833,5.2334,0.0,0.0009354838709677419
text+audio_text_ln_lrh0.001_frozen_e1_s42,59,1,1.5311,3.9021,0.0,0.0009516129032258065
text+audio_text_ln_lrh0.001_frozen_e1_s42,60,1,1.92014,5.5528,0.0,0.000967741935483871
text+audio_text_ln_lrh0.001_frozen_e1_s42,61,1,1.41272,2.9937,0.0,0.0009838709677419356
text+audio_text_ln_lrh0.001_frozen_e1_s42,62,1,1.57316,4.8224,0.0,0.001
text+audio_text_ln_lrh0.001_frozen_e1_s42,63,1,1.20868,3.8695,0.0,0.0009982238010657195
text+audio_text_ln_lrh0.001_frozen_e1_s42,64,1,1.71985,5.0807,0.0,0.0009964476021314388
text+audio_text_ln_lrh0.001_frozen_e1_s42,65,1,1.80793,5.7443,0.0,0.000994671403197158
text+audio_text_ln_lrh0.001_frozen_e1_s42,66,1,1.70099,4.0362,0.0,0.0009928952042628776
text+audio_text_ln_lrh0.001_frozen_e1_s42,67,1,1.4918,4.7289,0.0,0.0009911190053285969
text+audio_text_ln_lrh0.001_frozen_e1_s42,68,1,1.69341,3.1203,0.0,0.0009893428063943162
text+audio_text_ln_lrh0.001_frozen_e1_s42,69,1,1.53072,4.7796,0.0,0.0009875666074600357
text+audio_text_ln_lrh0.001_frozen_e1_s42,70,1,1.74862,3.6699,0.0,0.000985790408525755
text+audio_text_ln_lrh0.001_frozen_e1_s42,71,1,1.70594,3.8853,0.0,0.0009840142095914742
text+audio_text_ln_lrh0.001_frozen_e1_s42,72,1,1.28272,5.5313,0.0,0.0009822380106571937
text+audio_text_ln_lrh0.001_frozen_e1_s42,73,1,1.79372,6.7016,0.0,0.000980461811722913
text+audio_text_ln_lrh0.001_frozen_e1_s42,74,1,1.63744,4.1445,0.0,0.0009786856127886323
text+audio_text_ln_lrh0.001_frozen_e1_s42,75,1,1.1879,6.833,0.0,0.0009769094138543518
text+audio_text_ln_lrh0.001_frozen_e1_s42,76,1,1.48249,3.2245,0.0,0.0009751332149200711
text+audio_text_ln_lrh0.001_frozen_e1_s42,77,1,1.28683,2.9763,0.0,0.0009733570159857904
text+audio_text_ln_lrh0.001_frozen_e1_s42,78,1,1.42004,3.6151,0.0,0.0009715808170515098
text+audio_text_ln_lrh0.001_frozen_e1_s42,79,1,1.56521,4.1069,0.0,0.0009698046181172292
text+audio_text_ln_lrh0.001_frozen_e1_s42,80,1,2.05051,6.3723,0.0,0.0009680284191829485
text+audio_text_ln_lrh0.001_frozen_e1_s42,81,1,1.40447,4.261,0.0,0.0009662522202486678
text+audio_text_ln_lrh0.001_frozen_e1_s42,82,1,1.53242,3.2812,0.0,0.0009644760213143872
text+audio_text_ln_lrh0.001_frozen_e1_s42,83,1,1.64883,4.4346,0.0,0.0009626998223801065
text+audio_text_ln_lrh0.001_frozen_e1_s42,84,1,1.45911,2.454,0.0,0.0009609236234458259
text+audio_text_ln_lrh0.001_frozen_e1_s42,85,1,1.54984,3.3963,0.0,0.0009591474245115453
text+audio_text_ln_lrh0.001_frozen_e1_s42,86,1,1.61566,2.9688,0.0,0.0009573712255772646
text+audio_text_ln_lrh0.001_frozen_e1_s42,87,1,1.54207,3.4454,0.0,0.000955595026642984
text+audio_text_ln_lrh0.001_frozen_e1_s42,88,1,1.23113,3.6696,0.0,0.0009538188277087034
text+audio_text_ln_lrh0.001_frozen_e1_s42,89,1,1.76292,4.482,0.0,0.0009520426287744227
text+audio_text_ln_lrh0.001_frozen_e1_s42,90,1,1.80628,6.0157,0.0,0.0009502664298401421
text+audio_text_ln_lrh0.001_frozen_e1_s42,91,1,1.56275,3.897,0.0,0.0009484902309058615
text+audio_text_ln_lrh0.001_frozen_e1_s42,92,1,1.39329,2.9543,0.0,0.0009467140319715807
text+audio_text_ln_lrh0.001_frozen_e1_s42,93,1,1.4882,4.9623,0.0,0.0009449378330373001
text+audio_text_ln_lrh0.001_frozen_e1_s42,94,1,1.23343,2.5812,0.0,0.0009431616341030196
text+audio_text_ln_lrh0.001_frozen_e1_s42,95,1,1.15278,2.898,0.0,0.0009413854351687389
text+audio_text_ln_lrh0.001_frozen_e1_s42,96,1,1.36001,2.5676,0.0,0.0009396092362344583
text+audio_text_ln_lrh0.001_frozen_e1_s42,97,1,1.49022,4.9669,0.0,0.0009378330373001777
text+audio_text_ln_lrh0.001_frozen_e1_s42,98,1,1.73278,5.2345,0.0,0.000936056838365897
text+audio_text_ln_lrh0.001_frozen_e1_s42,99,1,1.73455,5.7963,0.0,0.0009342806394316164
text+audio_text_ln_lrh0.001_frozen_e1_s42,100,1,1.3381,2.4445,0.0,0.0009325044404973358
text+audio_text_ln_lrh0.001_frozen_e1_s42,101,1,1.48989,3.9091,0.0,0.0009307282415630552
text+audio_text_ln_lrh0.001_frozen_e1_s42,102,1,1.78837,3.2252,0.0,0.0009289520426287745
text+audio_text_ln_lrh0.001_frozen_e1_s42,103,1,1.58059,5.8678,0.0,0.0009271758436944939
text+audio_text_ln_lrh0.001_frozen_e1_s42,104,1,1.64817,4.4232,0.0,0.0009253996447602132
text+audio_text_ln_lrh0.001_frozen_e1_s42,105,1,1.34746,3.9253,0.0,0.0009236234458259325
text+audio_text_ln_lrh0.001_frozen_e1_s42,106,1,1.5461,2.8699,0.0,0.0009218472468916519
text+audio_text_ln_lrh0.001_frozen_e1_s42,107,1,1.49101,4.1537,0.0,0.0009200710479573713
text+audio_text_ln_lrh0.001_frozen_e1_s42,108,1,1.24282,4.7507,0.0,0.0009182948490230906
text+audio_text_ln_lrh0.001_frozen_e1_s42,109,1,1.22517,3.1579,0.0,0.00091651865008881
text+audio_text_ln_lrh0.001_frozen_e1_s42,110,1,1.54133,3.7167,0.0,0.0009147424511545294
text+audio_text_ln_lrh0.001_frozen_e1_s42,111,1,1.19238,4.3928,0.0,0.0009129662522202487
text+audio_text_ln_lrh0.001_frozen_e1_s42,112,1,1.62728,2.8697,0.0,0.0009111900532859681
text+audio_text_ln_lrh0.001_frozen_e1_s42,113,1,1.84022,4.7893,0.0,0.0009094138543516875
text+audio_text_ln_lrh0.001_frozen_e1_s42,114,1,1.04833,3.3443,0.0,0.0009076376554174067
text+audio_text_ln_lrh0.001_frozen_e1_s42,115,1,1.65864,5.1721,0.0,0.0009058614564831261
text+audio_text_ln_lrh0.001_frozen_e1_s42,116,1,1.20083,3.801,0.0,0.0009040852575488455
text+audio_text_ln_lrh0.001_frozen_e1_s42,117,1,1.86657,6.0249,0.0,0.0009023090586145648
text+audio_text_ln_lrh0.001_frozen_e1_s42,118,1,1.34139,3.9356,0.0,0.0009005328596802842
text+audio_text_ln_lrh0.001_frozen_e1_s42,119,1,1.37836,4.6732,0.0,0.0008987566607460036
text+audio_text_ln_lrh0.001_frozen_e1_s42,120,1,1.20016,3.6226,0.0,0.0008969804618117229
text+audio_text_ln_lrh0.001_frozen_e1_s42,121,1,1.65678,3.8342,0.0,0.0008952042628774423
text+audio_text_ln_lrh0.001_frozen_e1_s42,122,1,1.40123,4.0302,0.0,0.0008934280639431617
text+audio_text_ln_lrh0.001_frozen_e1_s42,123,1,1.29531,2.9278,0.0,0.000891651865008881
text+audio_text_ln_lrh0.001_frozen_e1_s42,124,1,1.3913,3.1035,0.0,0.0008898756660746004
text+audio_text_ln_lrh0.001_frozen_e1_s42,125,1,1.65483,5.5503,0.0,0.0008880994671403197
text+audio_text_ln_lrh0.001_frozen_e1_s42,126,1,0.93661,5.3458,0.0,0.0008863232682060391
text+audio_text_ln_lrh0.001_frozen_e1_s42,127,1,1.01204,3.5401,0.0,0.0008845470692717584
text+audio_text_ln_lrh0.001_frozen_e1_s42,128,1,1.59837,3.4051,0.0,0.0008827708703374778
text+audio_text_ln_lrh0.001_frozen_e1_s42,129,1,1.35376,5.3135,0.0,0.0008809946714031972
text+audio_text_ln_lrh0.001_frozen_e1_s42,130,1,1.30555,3.0525,0.0,0.0008792184724689165
text+audio_text_ln_lrh0.001_frozen_e1_s42,131,1,1.58866,2.8946,0.0,0.0008774422735346359
text+audio_text_ln_lrh0.001_frozen_e1_s42,132,1,1.19595,4.2026,0.0,0.0008756660746003553
text+audio_text_ln_lrh0.001_frozen_e1_s42,133,1,1.78537,6.064,0.0,0.0008738898756660746
text+audio_text_ln_lrh0.001_frozen_e1_s42,134,1,1.1436,3.5941,0.0,0.000872113676731794
text+audio_text_ln_lrh0.001_frozen_e1_s42,135,1,1.25467,4.2458,0.0,0.0008703374777975134
text+audio_text_ln_lrh0.001_frozen_e1_s42,136,1,0.84832,3.8433,0.0,0.0008685612788632326
text+audio_text_ln_lrh0.001_frozen_e1_s42,137,1,1.33238,3.1621,0.0,0.000866785079928952
text+audio_text_ln_lrh0.001_frozen_e1_s42,138,1,1.19284,2.4329,0.0,0.0008650088809946714
text+audio_text_ln_lrh0.001_frozen_e1_s42,139,1,1.38631,4.5997,0.0,0.0008632326820603907
text+audio_text_ln_lrh0.001_frozen_e1_s42,140,1,1.39289,4.4094,0.0,0.0008614564831261101
text+audio_text_ln_lrh0.001_frozen_e1_s42,141,1,1.59683,4.5261,0.0,0.0008596802841918295
text+audio_text_ln_lrh0.001_frozen_e1_s42,142,1,1.47975,6.184,0.0,0.0008579040852575488
text+audio_text_ln_lrh0.001_frozen_e1_s42,143,1,0.97212,2.6589,0.0,0.0008561278863232682
text+audio_text_ln_lrh0.001_frozen_e1_s42,144,1,1.37545,4.2119,0.0,0.0008543516873889876
text+audio_text_ln_lrh0.001_frozen_e1_s42,145,1,1.4732,3.9954,0.0,0.0008525754884547069
text+audio_text_ln_lrh0.001_frozen_e1_s42,146,1,1.23375,5.5744,0.0,0.0008507992895204263
text+audio_text_ln_lrh0.001_frozen_e1_s42,147,1,1.54845,4.0199,0.0,0.0008490230905861456
text+audio_text_ln_lrh0.001_frozen_e1_s42,148,1,1.90364,5.466,0.0,0.000847246891651865
text+audio_text_ln_lrh0.001_frozen_e1_s42,149,1,1.59258,3.6427,0.0,0.0008454706927175843
text+audio_text_ln_lrh0.001_frozen_e1_s42,150,1,1.157,4.4538,0.0,0.0008436944937833037
text+audio_text_ln_lrh0.001_frozen_e1_s42,151,1,1.72147,5.7189,0.0,0.0008419182948490231
text+audio_text_ln_lrh0.001_frozen_e1_s42,152,1,1.56323,6.5382,0.0,0.0008401420959147424
text+audio_text_ln_lrh0.001_frozen_e1_s42,153,1,1.66999,3.0957,0.0,0.0008383658969804618
text+audio_text_ln_lrh0.001_frozen_e1_s42,154,1,1.38711,3.9902,0.0,0.0008365896980461812
text+audio_text_ln_lrh0.001_frozen_e1_s42,155,1,1.1249,5.0274,0.0,0.0008348134991119005
text+audio_text_ln_lrh0.001_frozen_e1_s42,156,1,1.81781,4.4271,0.0,0.00083303730017762
text+audio_text_ln_lrh0.001_frozen_e1_s42,157,1,1.42676,4.2897,0.0,0.0008312611012433394
text+audio_text_ln_lrh0.001_frozen_e1_s42,158,1,1.92122,4.6896,0.0,0.0008294849023090586
text+audio_text_ln_lrh0.001_frozen_e1_s42,159,1,1.35006,3.4703,0.0,0.000827708703374778
text+audio_text_ln_lrh0.001_frozen_e1_s42,160,1,1.40945,4.405,0.0,0.0008259325044404974
text+audio_text_ln_lrh0.001_frozen_e1_s42,161,1,1.63547,3.3774,0.0,0.0008241563055062167
text+audio_text_ln_lrh0.001_frozen_e1_s42,162,1,1.93582,3.5997,0.0,0.0008223801065719361
text+audio_text_ln_lrh0.001_frozen_e1_s42,163,1,1.48506,2.4919,0.0,0.0008206039076376555
text+audio_text_ln_lrh0.001_frozen_e1_s42,164,1,1.32638,2.962,0.0,0.0008188277087033748
text+audio_text_ln_lrh0.001_frozen_e1_s42,165,1,1.24548,2.7443,0.0,0.0008170515097690942
text+audio_text_ln_lrh0.001_frozen_e1_s42,166,1,1.32652,3.5928,0.0,0.0008152753108348136
text+audio_text_ln_lrh0.001_frozen_e1_s42,167,1,1.95513,4.6252,0.0,0.0008134991119005329
text+audio_text_ln_lrh0.001_frozen_e1_s42,168,1,1.17044,2.8489,0.0,0.0008117229129662523
text+audio_text_ln_lrh0.001_frozen_e1_s42,169,1,1.32405,3.7486,0.0,0.0008099467140319717
text+audio_text_ln_lrh0.001_frozen_e1_s42,170,1,1.24752,2.1094,0.0,0.0008081705150976909
text+audio_text_ln_lrh0.001_frozen_e1_s42,171,1,1.53497,2.7187,0.0,0.0008063943161634103
text+audio_text_ln_lrh0.001_frozen_e1_s42,172,1,1.33589,2.9197,0.0,0.0008046181172291297
text+audio_text_ln_lrh0.001_frozen_e1_s42,173,1,1.07128,3.598,0.0,0.0008028419182948491
text+audio_text_ln_lrh0.001_frozen_e1_s42,174,1,1.47022,2.8367,0.0,0.0008010657193605684
text+audio_text_ln_lrh0.001_frozen_e1_s42,175,1,1.61493,4.5725,0.0,0.0007992895204262878
text+audio_text_ln_lrh0.001_frozen_e1_s42,176,1,1.08381,2.0266,0.0,0.0007975133214920072
text+audio_text_ln_lrh0.001_frozen_e1_s42,177,1,1.51855,3.4661,0.0,0.0007957371225577265
text+audio_text_ln_lrh0.001_frozen_e1_s42,178,1,1.1833,4.0788,0.0,0.0007939609236234459
text+audio_text_ln_lrh0.001_frozen_e1_s42,179,1,1.85554,5.3993,0.0,0.0007921847246891653
text+audio_text_ln_lrh0.001_frozen_e1_s42,180,1,1.60603,2.289,0.0,0.0007904085257548845
text+audio_text_ln_lrh0.001_frozen_e1_s42,181,1,1.34886,3.7667,0.0,0.0007886323268206039
text+audio_text_ln_lrh0.001_frozen_e1_s42,182,1,1.64899,3.6111,0.0,0.0007868561278863233
text+audio_text_ln_lrh0.001_frozen_e1_s42,183,1,1.21443,2.9456,0.0,0.0007850799289520426
text+audio_text_ln_lrh0.001_frozen_e1_s42,184,1,1.88207,4.8665,0.0,0.000783303730017762
text+audio_text_ln_lrh0.001_frozen_e1_s42,185,1,1.54636,3.9146,0.0,0.0007815275310834814
text+audio_text_ln_lrh0.001_frozen_e1_s42,186,1,1.19611,2.9528,0.0,0.0007797513321492007
text+audio_text_ln_lrh0.001_frozen_e1_s42,187,1,1.69749,6.173,0.0,0.0007779751332149201
text+audio_text_ln_lrh0.001_frozen_e1_s42,188,1,1.90161,5.2585,0.0,0.0007761989342806395
text+audio_text_ln_lrh0.001_frozen_e1_s42,189,1,1.54518,6.0321,0.0,0.0007744227353463588
text+audio_text_ln_lrh0.001_frozen_e1_s42,190,1,1.5384,4.0235,0.0,0.0007726465364120782
text+audio_text_ln_lrh0.001_frozen_e1_s42,191,1,1.47537,2.368,0.0,0.0007708703374777975
text+audio_text_ln_lrh0.001_frozen_e1_s42,192,1,1.16798,3.8838,0.0,0.0007690941385435168
text+audio_text_ln_lrh0.001_frozen_e1_s42,193,1,1.24149,3.4853,0.0,0.0007673179396092362
text+audio_text_ln_lrh0.001_frozen_e1_s42,194,1,1.27381,2.8292,0.0,0.0007655417406749556
text+audio_text_ln_lrh0.001_frozen_e1_s42,195,1,1.58193,4.3276,0.0,0.0007637655417406749
text+audio_text_ln_lrh0.001_frozen_e1_s42,196,1,1.28034,3.386,0.0,0.0007619893428063943
text+audio_text_ln_lrh0.001_frozen_e1_s42,197,1,1.42602,5.1142,0.0,0.0007602131438721137
text+audio_text_ln_lrh0.001_frozen_e1_s42,198,1,0.95128,3.1314,0.0,0.0007584369449378331
text+audio_text_ln_lrh0.001_frozen_e1_s42,199,1,1.38281,2.3655,0.0,0.0007566607460035524
text+audio_text_ln_lrh0.001_frozen_e1_s42,200,1,2.04105,5.7011,0.0,0.0007548845470692718
text+audio_text_ln_lrh0.001_frozen_e1_s42,201,1,1.11022,3.814,0.0,0.0007531083481349912
text+audio_text_ln_lrh0.001_frozen_e1_s42,202,1,1.33666,4.4073,0.0,0.0007513321492007104
text+audio_text_ln_lrh0.001_frozen_e1_s42,203,1,1.72054,5.309,0.0,0.0007495559502664298
text+audio_text_ln_lrh0.001_frozen_e1_s42,204,1,1.28842,3.178,0.0,0.0007477797513321492
text+audio_text_ln_lrh0.001_frozen_e1_s42,205,1,1.2599,2.3539,0.0,0.0007460035523978685
text+audio_text_ln_lrh0.001_frozen_e1_s42,206,1,1.22659,2.9461,0.0,0.0007442273534635879
text+audio_text_ln_lrh0.001_frozen_e1_s42,207,1,1.1126,4.3437,0.0,0.0007424511545293073
text+audio_text_ln_lrh0.001_frozen_e1_s42,208,1,1.76969,5.149,0.0,0.0007406749555950266
text+audio_text_ln_lrh0.001_frozen_e1_s42,209,1,1.34806,4.7557,0.0,0.000738898756660746
text+audio_text_ln_lrh0.001_frozen_e1_s42,210,1,1.34644,2.4031,0.0,0.0007371225577264654
text+audio_text_ln_lrh0.001_frozen_e1_s42,211,1,1.32193,2.8849,0.0,0.0007353463587921847
text+audio_text_ln_lrh0.001_frozen_e1_s42,212,1,0.95584,3.014,0.0,0.000733570159857904
text+audio_text_ln_lrh0.001_frozen_e1_s42,213,1,1.1937,3.3296,0.0,0.0007317939609236234
text+audio_text_ln_lrh0.001_frozen_e1_s42,214,1,1.77597,4.4399,0.0,0.0007300177619893427
text+audio_text_ln_lrh0.001_frozen_e1_s42,215,1,1.28716,2.968,0.0,0.0007282415630550621
text+audio_text_ln_lrh0.001_frozen_e1_s42,216,1,1.13892,2.1904,0.0,0.0007264653641207815
text+audio_text_ln_lrh0.001_frozen_e1_s42,217,1,1.43572,4.5478,0.0,0.0007246891651865008
text+audio_text_ln_lrh0.001_frozen_e1_s42,218,1,1.00167,2.1396,0.0,0.0007229129662522202
text+audio_text_ln_lrh0.001_frozen_e1_s42,219,1,0.95257,4.0001,0.0,0.0007211367673179397
text+audio_text_ln_lrh0.001_frozen_e1_s42,220,1,1.51836,3.785,0.0,0.000719360568383659
text+audio_text_ln_lrh0.001_frozen_e1_s42,221,1,1.74189,4.0349,0.0,0.0007175843694493784
text+audio_text_ln_lrh0.001_frozen_e1_s42,222,1,1.53422,3.8095,0.0,0.0007158081705150978
text+audio_text_ln_lrh0.001_frozen_e1_s42,223,1,1.79309,3.8809,0.0,0.0007140319715808172
text+audio_text_ln_lrh0.001_frozen_e1_s42,224,1,1.34183,3.4687,0.0,0.0007122557726465364
text+audio_text_ln_lrh0.001_frozen_e1_s42,225,1,1.20488,4.6417,0.0,0.0007104795737122558
text+audio_text_ln_lrh0.001_frozen_e1_s42,226,1,1.37948,2.9407,0.0,0.0007087033747779752
text+audio_text_ln_lrh0.001_frozen_e1_s42,227,1,0.93828,3.1275,0.0,0.0007069271758436945
text+audio_text_ln_lrh0.001_frozen_e1_s42,228,1,1.3683,2.9405,0.0,0.0007051509769094139
text+audio_text_ln_lrh0.001_frozen_e1_s42,229,1,1.35128,5.0259,0.0,0.0007033747779751333
text+audio_text_ln_lrh0.001_frozen_e1_s42,230,1,1.26373,2.2622,0.0,0.0007015985790408526
text+audio_text_ln_lrh0.001_frozen_e1_s42,231,1,0.99269,3.4251,0.0,0.000699822380106572
text+audio_text_ln_lrh0.001_frozen_e1_s42,232,1,1.25823,2.6374,0.0,0.0006980461811722914
text+audio_text_ln_lrh0.001_frozen_e1_s42,233,1,1.33089,4.1205,0.0,0.0006962699822380107
text+audio_text_ln_lrh0.001_frozen_e1_s42,234,1,1.12036,5.0833,0.0,0.0006944937833037301
text+audio_text_ln_lrh0.001_frozen_e1_s42,235,1,1.42694,5.3324,0.0,0.0006927175843694495
text+audio_text_ln_lrh0.001_frozen_e1_s42,236,1,0.87897,3.2995,0.0,0.0006909413854351687
text+audio_text_ln_lrh0.001_frozen_e1_s42,237,1,1.45733,3.0657,0.0,0.0006891651865008881
text+audio_text_ln_lrh0.001_frozen_e1_s42,238,1,1.82862,6.6613,0.0,0.0006873889875666075
text+audio_text_ln_lrh0.001_frozen_e1_s42,239,1,1.13864,3.7729,0.0,0.0006856127886323268
text+audio_text_ln_lrh0.001_frozen_e1_s42,240,1,1.27714,4.1498,0.0,0.0006838365896980462
text+audio_text_ln_lrh0.001_frozen_e1_s42,241,1,1.8084,6.7469,0.0,0.0006820603907637656
text+audio_text_ln_lrh0.001_frozen_e1_s42,242,1,1.23144,2.2246,0.0,0.0006802841918294849
text+audio_text_ln_lrh0.001_frozen_e1_s42,243,1,1.28421,3.0119,0.0,0.0006785079928952043
text+audio_text_ln_lrh0.001_frozen_e1_s42,244,1,1.19958,2.3803,0.0,0.0006767317939609237
text+audio_text_ln_lrh0.001_frozen_e1_s42,245,1,0.81077,4.3535,0.0,0.000674955595026643
text+audio_text_ln_lrh0.001_frozen_e1_s42,246,1,1.42869,2.4783,0.0,0.0006731793960923623
text+audio_text_ln_lrh0.001_frozen_e1_s42,247,1,1.33962,3.077,0.0,0.0006714031971580817
text+audio_text_ln_lrh0.001_frozen_e1_s42,248,1,1.32977,3.3196,0.0,0.0006696269982238011
text+audio_text_ln_lrh0.001_frozen_e1_s42,249,1,2.02816,4.5551,0.0,0.0006678507992895204
text+audio_text_ln_lrh0.001_frozen_e1_s42,250,1,1.59178,3.1382,0.0,0.0006660746003552398
text+audio_text_ln_lrh0.001_frozen_e1_s42,251,1,1.05092,3.2412,0.0,0.0006642984014209592
text+audio_text_ln_lrh0.001_frozen_e1_s42,252,1,1.36907,2.8734,0.0,0.0006625222024866785
text+audio_text_ln_lrh0.001_frozen_e1_s42,253,1,1.21029,4.2245,0.0,0.0006607460035523979
text+audio_text_ln_lrh0.001_frozen_e1_s42,254,1,0.99083,3.6638,0.0,0.0006589698046181173
text+audio_text_ln_lrh0.001_frozen_e1_s42,255,1,1.39483,4.3396,0.0,0.0006571936056838366
text+audio_text_ln_lrh0.001_frozen_e1_s42,256,1,1.05502,3.8161,0.0,0.000655417406749556
text+audio_text_ln_lrh0.001_frozen_e1_s42,257,1,1.046,2.4999,0.0,0.0006536412078152753
text+audio_text_ln_lrh0.001_frozen_e1_s42,258,1,1.24916,3.7478,0.0,0.0006518650088809946
text+audio_text_ln_lrh0.001_frozen_e1_s42,259,1,1.16728,2.1706,0.0,0.000650088809946714
text+audio_text_ln_lrh0.001_frozen_e1_s42,260,1,1.10415,3.284,0.0,0.0006483126110124334
text+audio_text_ln_lrh0.001_frozen_e1_s42,261,1,1.5068,3.7228,0.0,0.0006465364120781527
text+audio_text_ln_lrh0.001_frozen_e1_s42,262,1,1.10565,2.3192,0.0,0.0006447602131438721
text+audio_text_ln_lrh0.001_frozen_e1_s42,263,1,1.38956,5.5387,0.0,0.0006429840142095915
text+audio_text_ln_lrh0.001_frozen_e1_s42,264,1,1.37101,3.0184,0.0,0.0006412078152753108
text+audio_text_ln_lrh0.001_frozen_e1_s42,265,1,2.54134,8.2932,0.0,0.0006394316163410302
text+audio_text_ln_lrh0.001_frozen_e1_s42,266,1,1.29419,3.2593,0.0,0.0006376554174067496
text+audio_text_ln_lrh0.001_frozen_e1_s42,267,1,1.41293,3.4155,0.0,0.0006358792184724689
text+audio_text_ln_lrh0.001_frozen_e1_s42,268,1,0.8758,2.9194,0.0,0.0006341030195381882
text+audio_text_ln_lrh0.001_frozen_e1_s42,269,1,1.73067,4.3431,0.0,0.0006323268206039076
text+audio_text_ln_lrh0.001_frozen_e1_s42,270,1,1.11676,2.4344,0.0,0.0006305506216696269
text+audio_text_ln_lrh0.001_frozen_e1_s42,271,1,0.98975,3.9063,0.0,0.0006287744227353463
text+audio_text_ln_lrh0.001_frozen_e1_s42,272,1,1.22254,3.7562,0.0,0.0006269982238010657
text+audio_text_ln_lrh0.001_frozen_e1_s42,273,1,1.67982,4.3281,0.0,0.0006252220248667851
text+audio_text_ln_lrh0.001_frozen_e1_s42,274,1,0.93029,3.5535,0.0,0.0006234458259325044
text+audio_text_ln_lrh0.001_frozen_e1_s42,275,1,1.41601,2.7942,0.0,0.0006216696269982238
text+audio_text_ln_lrh0.001_frozen_e1_s42,276,1,1.01349,4.3045,0.0,0.0006198934280639432
text+audio_text_ln_lrh0.001_frozen_e1_s42,277,1,1.08329,3.1616,0.0,0.0006181172291296625
text+audio_text_ln_lrh0.001_frozen_e1_s42,278,1,1.05545,3.2446,0.0,0.0006163410301953819
text+audio_text_ln_lrh0.001_frozen_e1_s42,279,1,1.49511,3.0359,0.0,0.0006145648312611012
text+audio_text_ln_lrh0.001_frozen_e1_s42,280,1,1.61337,5.3108,0.0,0.0006127886323268205
text+audio_text_ln_lrh0.001_frozen_e1_s42,281,1,0.85114,2.5966,0.0,0.00061101243339254
text+audio_text_ln_lrh0.001_frozen_e1_s42,282,1,1.78948,7.4042,0.0,0.0006092362344582594
text+audio_text_ln_lrh0.001_frozen_e1_s42,283,1,1.21423,2.3538,0.0,0.0006074600355239787
text+audio_text_ln_lrh0.001_frozen_e1_s42,284,1,1.79868,5.2786,0.0,0.0006056838365896981
text+audio_text_ln_lrh0.001_frozen_e1_s42,285,1,1.79372,5.4833,0.0,0.0006039076376554175
text+audio_text_ln_lrh0.001_frozen_e1_s42,286,1,1.29066,2.4471,0.0,0.0006021314387211368
text+audio_text_ln_lrh0.001_frozen_e1_s42,287,1,1.63025,3.8908,0.0,0.0006003552397868562
text+audio_text_ln_lrh0.001_frozen_e1_s42,288,1,1.12052,2.8208,0.0,0.0005985790408525756
text+audio_text_ln_lrh0.001_frozen_e1_s42,289,1,1.12914,2.1661,0.0,0.0005968028419182949
text+audio_text_ln_lrh0.001_frozen_e1_s42,290,1,1.20532,4.5833,0.0,0.0005950266429840142
text+audio_text_ln_lrh0.001_frozen_e1_s42,291,1,1.71848,4.2958,0.0,0.0005932504440497336
text+audio_text_ln_lrh0.001_frozen_e1_s42,292,1,1.38546,2.8844,0.0,0.0005914742451154529
text+audio_text_ln_lrh0.001_frozen_e1_s42,293,1,1.04829,4.5842,0.0,0.0005896980461811723
text+audio_text_ln_lrh0.001_frozen_e1_s42,294,1,1.49816,2.8015,0.0,0.0005879218472468917
text+audio_text_ln_lrh0.001_frozen_e1_s42,295,1,1.23956,3.8545,0.0,0.0005861456483126111
text+audio_text_ln_lrh0.001_frozen_e1_s42,296,1,1.49405,3.1413,0.0,0.0005843694493783304
text+audio_text_ln_lrh0.001_frozen_e1_s42,297,1,1.50041,4.6895,0.0,0.0005825932504440498
text+audio_text_ln_lrh0.001_frozen_e1_s42,298,1,1.33571,2.6138,0.0,0.0005808170515097692
text+audio_text_ln_lrh0.001_frozen_e1_s42,299,1,1.64382,4.5498,0.0,0.0005790408525754885
text+audio_text_ln_lrh0.001_frozen_e1_s42,300,1,1.43379,3.0718,0.0,0.0005772646536412079
text+audio_text_ln_lrh0.001_frozen_e1_s42,301,1,1.66274,3.0281,0.0,0.0005754884547069273
text+audio_text_ln_lrh0.001_frozen_e1_s42,302,1,1.29656,3.0039,0.0,0.0005737122557726465
text+audio_text_ln_lrh0.001_frozen_e1_s42,303,1,1.4086,4.1791,0.0,0.0005719360568383659
text+audio_text_ln_lrh0.001_frozen_e1_s42,304,1,1.17743,2.6006,0.0,0.0005701598579040853
text+audio_text_ln_lrh0.001_frozen_e1_s42,305,1,1.0912,2.5465,0.0,0.0005683836589698046
text+audio_text_ln_lrh0.001_frozen_e1_s42,306,1,1.42745,2.8312,0.0,0.000566607460035524
text+audio_text_ln_lrh0.001_frozen_e1_s42,307,1,1.04168,3.0386,0.0,0.0005648312611012434
text+audio_text_ln_lrh0.001_frozen_e1_s42,308,1,1.25461,3.8595,0.0,0.0005630550621669627
text+audio_text_ln_lrh0.001_frozen_e1_s42,309,1,0.90303,2.97,0.0,0.0005612788632326821
text+audio_text_ln_lrh0.001_frozen_e1_s42,310,1,1.46753,3.7317,0.0,0.0005595026642984015
text+audio_text_ln_lrh0.001_frozen_e1_s42,311,1,1.10827,4.1278,0.0,0.0005577264653641208
text+audio_text_ln_lrh0.001_frozen_e1_s42,312,1,1.09517,2.3109,0.0,0.0005559502664298401
text+audio_text_ln_lrh0.001_frozen_e1_s42,313,1,1.1606,4.8777,0.0,0.0005541740674955595
text+audio_text_ln_lrh0.001_frozen_e1_s42,314,1,1.54292,3.9536,0.0,0.0005523978685612788
text+audio_text_ln_lrh0.001_frozen_e1_s42,315,1,1.62833,3.3371,0.0,0.0005506216696269982
text+audio_text_ln_lrh0.001_frozen_e1_s42,316,1,1.38084,2.3118,0.0,0.0005488454706927176
text+audio_text_ln_lrh0.001_frozen_e1_s42,317,1,1.07409,6.6443,0.0,0.0005470692717584369
text+audio_text_ln_lrh0.001_frozen_e1_s42,318,1,1.48316,2.8309,0.0,0.0005452930728241563
text+audio_text_ln_lrh0.001_frozen_e1_s42,319,1,1.25897,2.8001,0.0,0.0005435168738898757
text+audio_text_ln_lrh0.001_frozen_e1_s42,320,1,1.38743,3.921,0.0,0.0005417406749555951
text+audio_text_ln_lrh0.001_frozen_e1_s42,321,1,1.52731,3.4703,0.0,0.0005399644760213144
text+audio_text_ln_lrh0.001_frozen_e1_s42,322,1,1.21994,4.7212,0.0,0.0005381882770870338
text+audio_text_ln_lrh0.001_frozen_e1_s42,323,1,1.60804,3.6264,0.0,0.0005364120781527531
text+audio_text_ln_lrh0.001_frozen_e1_s42,324,1,1.61127,3.5039,0.0,0.0005346358792184724
text+audio_text_ln_lrh0.001_frozen_e1_s42,325,1,1.24024,4.027,0.0,0.0005328596802841918
text+audio_text_ln_lrh0.001_frozen_e1_s42,326,1,1.46626,2.6564,0.0,0.0005310834813499112
text+audio_text_ln_lrh0.001_frozen_e1_s42,327,1,1.39528,3.2911,0.0,0.0005293072824156305
text+audio_text_ln_lrh0.001_frozen_e1_s42,328,1,1.35084,3.0607,0.0,0.0005275310834813499
text+audio_text_ln_lrh0.001_frozen_e1_s42,329,1,1.32611,3.1706,0.0,0.0005257548845470693
text+audio_text_ln_lrh0.001_frozen_e1_s42,330,1,1.10719,2.8824,0.0,0.0005239786856127886
text+audio_text_ln_lrh0.001_frozen_e1_s42,331,1,1.61094,4.7056,0.0,0.000522202486678508
text+audio_text_ln_lrh0.001_frozen_e1_s42,332,1,1.61408,3.3998,0.0,0.0005204262877442274
text+audio_text_ln_lrh0.001_frozen_e1_s42,333,1,1.18792,2.958,0.0,0.0005186500888099467
text+audio_text_ln_lrh0.001_frozen_e1_s42,334,1,1.09515,2.6223,0.0,0.000516873889875666
text+audio_text_ln_lrh0.001_frozen_e1_s42,335,1,1.60564,4.1033,0.0,0.0005150976909413854
text+audio_text_ln_lrh0.001_frozen_e1_s42,336,1,1.65083,3.4039,0.0,0.0005133214920071047
text+audio_text_ln_lrh0.001_frozen_e1_s42,337,1,1.07013,3.2879,0.0,0.0005115452930728241
text+audio_text_ln_lrh0.001_frozen_e1_s42,338,1,1.09635,2.8828,0.0,0.0005097690941385435
text+audio_text_ln_lrh0.001_frozen_e1_s42,339,1,1.08809,3.5489,0.0,0.0005079928952042628
text+audio_text_ln_lrh0.001_frozen_e1_s42,340,1,1.38989,2.7076,0.0,0.0005062166962699822
text+audio_text_ln_lrh0.001_frozen_e1_s42,341,1,1.48551,3.6421,0.0,0.0005044404973357016
text+audio_text_ln_lrh0.001_frozen_e1_s42,342,1,1.97711,6.0072,0.0,0.0005026642984014209
text+audio_text_ln_lrh0.001_frozen_e1_s42,343,1,1.40121,2.2454,0.0,0.0005008880994671403
text+audio_text_ln_lrh0.001_frozen_e1_s42,344,1,1.25647,3.5862,0.0,0.0004991119005328598
text+audio_text_ln_lrh0.001_frozen_e1_s42,345,1,1.4292,3.2639,0.0,0.000497335701598579
text+audio_text_ln_lrh0.001_frozen_e1_s42,346,1,1.48264,2.2825,0.0,0.0004955595026642984
text+audio_text_ln_lrh0.001_frozen_e1_s42,347,1,1.0123,3.1076,0.0,0.0004937833037300178
text+audio_text_ln_lrh0.001_frozen_e1_s42,348,1,0.81977,2.5851,0.0,0.0004920071047957371
text+audio_text_ln_lrh0.001_frozen_e1_s42,349,1,1.09322,3.2937,0.0,0.0004902309058614565
text+audio_text_ln_lrh0.001_frozen_e1_s42,350,1,1.34562,3.3594,0.0,0.0004884547069271759
text+audio_text_ln_lrh0.001_frozen_e1_s42,351,1,0.82204,2.4554,0.0,0.0004866785079928952
text+audio_text_ln_lrh0.001_frozen_e1_s42,352,1,1.02112,3.5148,0.0,0.0004849023090586146
text+audio_text_ln_lrh0.001_frozen_e1_s42,353,1,0.71213,3.1667,0.0,0.0004831261101243339
text+audio_text_ln_lrh0.001_frozen_e1_s42,354,1,1.2364,5.2214,0.0,0.00048134991119005326
text+audio_text_ln_lrh0.001_frozen_e1_s42,355,1,0.9537,3.1441,0.0,0.00047957371225577266
text+audio_text_ln_lrh0.001_frozen_e1_s42,356,1,1.21411,4.8556,0.0,0.000477797513321492
text+audio_text_ln_lrh0.001_frozen_e1_s42,357,1,1.54731,4.4297,0.0,0.00047602131438721133
text+audio_text_ln_lrh0.001_frozen_e1_s42,358,1,1.93989,8.2838,0.0,0.00047424511545293073
text+audio_text_ln_lrh0.001_frozen_e1_s42,359,1,1.43892,4.2997,0.0,0.00047246891651865007
text+audio_text_ln_lrh0.001_frozen_e1_s42,360,1,1.33944,2.8698,0.0,0.00047069271758436946
text+audio_text_ln_lrh0.001_frozen_e1_s42,361,1,1.25478,3.8082,0.0,0.00046891651865008885
text+audio_text_ln_lrh0.001_frozen_e1_s42,362,1,1.68393,5.1429,0.0,0.0004671403197158082
text+audio_text_ln_lrh0.001_frozen_e1_s42,363,1,1.28525,3.3157,0.0,0.0004653641207815276
text+audio_text_ln_lrh0.001_frozen_e1_s42,364,1,1.09308,2.493,0.0,0.0004635879218472469
text+audio_text_ln_lrh0.001_frozen_e1_s42,365,1,1.49425,3.5518,0.0,0.00046181172291296627
text+audio_text_ln_lrh0.001_frozen_e1_s42,366,1,1.57619,2.9787,0.0,0.00046003552397868566
text+audio_text_ln_lrh0.001_frozen_e1_s42,367,1,1.29625,2.4659,0.0,0.000458259325044405
text+audio_text_ln_lrh0.001_frozen_e1_s42,368,1,1.30652,3.8826,0.0,0.00045648312611012434
text+audio_text_ln_lrh0.001_frozen_e1_s42,369,1,1.31531,5.1898,0.0,0.00045470692717584373
text+audio_text_ln_lrh0.001_frozen_e1_s42,370,1,0.95294,3.9819,0.0,0.00045293072824156307
text+audio_text_ln_lrh0.001_frozen_e1_s42,371,1,1.68831,4.7364,0.0,0.0004511545293072824
text+audio_text_ln_lrh0.001_frozen_e1_s42,372,1,1.70659,4.4936,0.0,0.0004493783303730018
text+audio_text_ln_lrh0.001_frozen_e1_s42,373,1,1.41944,3.7896,0.0,0.00044760213143872114
text+audio_text_ln_lrh0.001_frozen_e1_s42,374,1,1.08888,3.2866,0.0,0.0004458259325044405
text+audio_text_ln_lrh0.001_frozen_e1_s42,375,1,1.09722,2.6909,0.0,0.0004440497335701599
text+audio_text_ln_lrh0.001_frozen_e1_s42,376,1,1.15116,2.8391,0.0,0.0004422735346358792
text+audio_text_ln_lrh0.001_frozen_e1_s42,377,1,1.54609,3.8872,0.0,0.0004404973357015986
text+audio_text_ln_lrh0.001_frozen_e1_s42,378,1,1.22443,5.0742,0.0,0.00043872113676731795
text+audio_text_ln_lrh0.001_frozen_e1_s42,379,1,1.20661,5.5525,0.0,0.0004369449378330373
text+audio_text_ln_lrh0.001_frozen_e1_s42,380,1,2.186,9.9821,0.0,0.0004351687388987567
text+audio_text_ln_lrh0.001_frozen_e1_s42,381,1,1.01348,3.3717,0.0,0.000433392539964476
text+audio_text_ln_lrh0.001_frozen_e1_s42,382,1,2.06648,6.5876,0.0,0.00043161634103019536
text+audio_text_ln_lrh0.001_frozen_e1_s42,383,1,1.08538,2.2237,0.0,0.00042984014209591475
text+audio_text_ln_lrh0.001_frozen_e1_s42,384,1,0.95924,3.4168,0.0,0.0004280639431616341
text+audio_text_ln_lrh0.001_frozen_e1_s42,385,1,1.35587,4.6016,0.0,0.00042628774422735343
text+audio_text_ln_lrh0.001_frozen_e1_s42,386,1,1.55156,5.8874,0.0,0.0004245115452930728
text+audio_text_ln_lrh0.001_frozen_e1_s42,387,1,1.22948,3.3418,0.0,0.00042273534635879216
text+audio_text_ln_lrh0.001_frozen_e1_s42,388,1,1.3226,3.142,0.0,0.00042095914742451156
text+audio_text_ln_lrh0.001_frozen_e1_s42,389,1,1.21262,3.2855,0.0,0.0004191829484902309
text+audio_text_ln_lrh0.001_frozen_e1_s42,390,1,1.02676,2.4669,0.0,0.00041740674955595023
text+audio_text_ln_lrh0.001_frozen_e1_s42,391,1,1.01986,2.8825,0.0,0.0004156305506216697
text+audio_text_ln_lrh0.001_frozen_e1_s42,392,1,1.38433,3.0929,0.0,0.000413854351687389
text+audio_text_ln_lrh0.001_frozen_e1_s42,393,1,1.64234,4.3711,0.0,0.00041207815275310836
text+audio_text_ln_lrh0.001_frozen_e1_s42,394,1,1.34919,3.4235,0.0,0.00041030195381882775
text+audio_text_ln_lrh0.001_frozen_e1_s42,395,1,1.23891,2.7727,0.0,0.0004085257548845471
text+audio_text_ln_lrh0.001_frozen_e1_s42,396,1,1.04789,2.9316,0.0,0.00040674955595026643
text+audio_text_ln_lrh0.001_frozen_e1_s42,397,1,1.03045,5.4015,0.0,0.0004049733570159858
text+audio_text_ln_lrh0.001_frozen_e1_s42,398,1,1.47122,3.1943,0.0,0.00040319715808170517
text+audio_text_ln_lrh0.001_frozen_e1_s42,399,1,0.95947,4.2246,0.0,0.00040142095914742456
text+audio_text_ln_lrh0.001_frozen_e1_s42,400,1,1.59802,5.913,0.0,0.0003996447602131439
text+audio_text_ln_lrh0.001_frozen_e1_s42,401,1,1.06242,4.3571,0.0,0.00039786856127886324
text+audio_text_ln_lrh0.001_frozen_e1_s42,402,1,1.64929,4.5047,0.0,0.00039609236234458263
text+audio_text_ln_lrh0.001_frozen_e1_s42,403,1,1.85775,5.3307,0.0,0.00039431616341030197
text+audio_text_ln_lrh0.001_frozen_e1_s42,404,1,1.17163,2.6332,0.0,0.0003925399644760213
text+audio_text_ln_lrh0.001_frozen_e1_s42,405,1,0.92993,3.7153,0.0,0.0003907637655417407
text+audio_text_ln_lrh0.001_frozen_e1_s42,406,1,1.14446,3.0069,0.0,0.00038898756660746004
text+audio_text_ln_lrh0.001_frozen_e1_s42,407,1,1.34417,3.2487,0.0,0.0003872113676731794
text+audio_text_ln_lrh0.001_frozen_e1_s42,408,1,0.96063,2.5431,0.0,0.0003854351687388988
text+audio_text_ln_lrh0.001_frozen_e1_s42,409,1,1.45174,4.9848,0.0,0.0003836589698046181
text+audio_text_ln_lrh0.001_frozen_e1_s42,410,1,1.14758,3.4519,0.0,0.00038188277087033745
text+audio_text_ln_lrh0.001_frozen_e1_s42,411,1,1.16258,2.4519,0.0,0.00038010657193605685
text+audio_text_ln_lrh0.001_frozen_e1_s42,412,1,1.78345,5.1974,0.0,0.0003783303730017762
text+audio_text_ln_lrh0.001_frozen_e1_s42,413,1,0.96219,2.5851,0.0,0.0003765541740674956
text+audio_text_ln_lrh0.001_frozen_e1_s42,414,1,1.59015,5.9262,0.0,0.0003747779751332149
text+audio_text_ln_lrh0.001_frozen_e1_s42,415,1,1.74914,6.5255,0.0,0.00037300177619893426
text+audio_text_ln_lrh0.001_frozen_e1_s42,416,1,1.50783,3.2892,0.0,0.00037122557726465365
text+audio_text_ln_lrh0.001_frozen_e1_s42,417,1,1.72552,3.9332,0.0,0.000369449378330373
text+audio_text_ln_lrh0.001_frozen_e1_s42,418,1,1.67505,2.8774,0.0,0.00036767317939609233
text+audio_text_ln_lrh0.001_frozen_e1_s42,419,1,0.85601,4.6253,0.0,0.0003658969804618117
text+audio_text_ln_lrh0.001_frozen_e1_s42,420,1,1.2056,4.2987,0.0,0.00036412078152753106
text+audio_text_ln_lrh0.001_frozen_e1_s42,421,1,1.70321,4.9843,0.0,0.0003623445825932504
text+audio_text_ln_lrh0.001_frozen_e1_s42,422,1,1.40144,3.394,0.0,0.00036056838365896985
text+audio_text_ln_lrh0.001_frozen_e1_s42,423,1,1.65261,3.3425,0.0,0.0003587921847246892
text+audio_text_ln_lrh0.001_frozen_e1_s42,424,1,1.51945,3.9948,0.0,0.0003570159857904086
text+audio_text_ln_lrh0.001_frozen_e1_s42,425,1,0.7545,5.108,0.0,0.0003552397868561279
text+audio_text_ln_lrh0.001_frozen_e1_s42,426,1,1.33453,2.4964,0.0,0.00035346358792184726
text+audio_text_ln_lrh0.001_frozen_e1_s42,427,1,1.19788,3.1218,0.0,0.00035168738898756665
text+audio_text_ln_lrh0.001_frozen_e1_s42,428,1,1.57698,3.3833,0.0,0.000349911190053286
text+audio_text_ln_lrh0.001_frozen_e1_s42,429,1,1.37658,4.0708,0.0,0.00034813499111900533
text+audio_text_ln_lrh0.001_frozen_e1_s42,430,1,1.28572,3.1595,0.0,0.0003463587921847247
text+audio_text_ln_lrh0.001_frozen_e1_s42,431,1,1.40244,4.3544,0.0,0.00034458259325044407
text+audio_text_ln_lrh0.001_frozen_e1_s42,432,1,0.99541,4.5665,0.0,0.0003428063943161634
text+audio_text_ln_lrh0.001_frozen_e1_s42,433,1,1.36925,3.0109,0.0,0.0003410301953818828
text+audio_text_ln_lrh0.001_frozen_e1_s42,434,1,1.2188,3.7038,0.0,0.00033925399644760214
text+audio_text_ln_lrh0.001_frozen_e1_s42,435,1,1.10904,3.2057,0.0,0.0003374777975133215
text+audio_text_ln_lrh0.001_frozen_e1_s42,436,1,1.50173,3.1816,0.0,0.00033570159857904087
text+audio_text_ln_lrh0.001_frozen_e1_s42,437,1,1.14058,2.858,0.0,0.0003339253996447602
text+audio_text_ln_lrh0.001_frozen_e1_s42,438,1,1.3497,5.2455,0.0,0.0003321492007104796
text+audio_text_ln_lrh0.001_frozen_e1_s42,439,1,1.34317,3.1653,0.0,0.00033037300177619894
text+audio_text_ln_lrh0.001_frozen_e1_s42,440,1,1.7023,5.5854,0.0,0.0003285968028419183
text+audio_text_ln_lrh0.001_frozen_e1_s42,441,1,1.02744,2.7467,0.0,0.0003268206039076377
text+audio_text_ln_lrh0.001_frozen_e1_s42,442,1,1.04065,2.248,0.0,0.000325044404973357
text+audio_text_ln_lrh0.001_frozen_e1_s42,443,1,1.60349,3.0147,0.0,0.00032326820603907635
text+audio_text_ln_lrh0.001_frozen_e1_s42,444,1,1.1135,2.7277,0.0,0.00032149200710479575
text+audio_text_ln_lrh0.001_frozen_e1_s42,445,1,1.2234,3.1515,0.0,0.0003197158081705151
text+audio_text_ln_lrh0.001_frozen_e1_s42,446,1,1.1294,2.8227,0.0,0.0003179396092362344
text+audio_text_ln_lrh0.001_frozen_e1_s42,447,1,1.39804,4.0187,0.0,0.0003161634103019538
text+audio_text_ln_lrh0.001_frozen_e1_s42,448,1,1.00002,2.2789,0.0,0.00031438721136767316
text+audio_text_ln_lrh0.001_frozen_e1_s42,449,1,1.38292,3.5288,0.0,0.00031261101243339255
text+audio_text_ln_lrh0.001_frozen_e1_s42,450,1,1.13679,2.3281,0.0,0.0003108348134991119
text+audio_text_ln_lrh0.001_frozen_e1_s42,451,1,1.36302,3.2407,0.0,0.00030905861456483123
text+audio_text_ln_lrh0.001_frozen_e1_s42,452,1,1.1466,2.5248,0.0,0.0003072824156305506
text+audio_text_ln_lrh0.001_frozen_e1_s42,453,1,0.94111,3.2581,0.0,0.00030550621669627
text+audio_text_ln_lrh0.001_frozen_e1_s42,454,1,1.78629,3.6099,0.0,0.00030373001776198936
text+audio_text_ln_lrh0.001_frozen_e1_s42,455,1,1.06895,2.8289,0.0,0.00030195381882770875
text+audio_text_ln_lrh0.001_frozen_e1_s42,456,1,1.27734,3.6475,0.0,0.0003001776198934281
text+audio_text_ln_lrh0.001_frozen_e1_s42,457,1,1.2999,2.6857,0.0,0.00029840142095914743
text+audio_text_ln_lrh0.001_frozen_e1_s42,458,1,1.49575,2.3469,0.0,0.0002966252220248668
text+audio_text_ln_lrh0.001_frozen_e1_s42,459,1,1.09383,3.29,0.0,0.00029484902309058616
text+audio_text_ln_lrh0.001_frozen_e1_s42,460,1,0.93298,3.0787,0.0,0.00029307282415630555
text+audio_text_ln_lrh0.001_frozen_e1_s42,461,1,1.54562,4.1802,0.0,0.0002912966252220249
text+audio_text_ln_lrh0.001_frozen_e1_s42,462,1,1.32098,4.2095,0.0,0.00028952042628774423
text+audio_text_ln_lrh0.001_frozen_e1_s42,463,1,1.05468,4.7528,0.0,0.0002877442273534636
text+audio_text_ln_lrh0.001_frozen_e1_s42,464,1,1.26274,4.0317,0.0,0.00028596802841918297
text+audio_text_ln_lrh0.001_frozen_e1_s42,465,1,1.02411,3.0164,0.0,0.0002841918294849023
text+audio_text_ln_lrh0.001_frozen_e1_s42,466,1,0.94695,3.7158,0.0,0.0002824156305506217
text+audio_text_ln_lrh0.001_frozen_e1_s42,467,1,1.16546,2.9625,0.0,0.00028063943161634104
text+audio_text_ln_lrh0.001_frozen_e1_s42,468,1,1.21756,3.132,0.0,0.0002788632326820604
text+audio_text_ln_lrh0.001_frozen_e1_s42,469,1,1.29488,3.4946,0.0,0.00027708703374777977
text+audio_text_ln_lrh0.001_frozen_e1_s42,470,1,0.7147,3.6796,0.0,0.0002753108348134991
text+audio_text_ln_lrh0.001_frozen_e1_s42,471,1,1.00521,2.5856,0.0,0.00027353463587921845
text+audio_text_ln_lrh0.001_frozen_e1_s42,472,1,1.62185,5.1693,0.0,0.00027175843694493784
text+audio_text_ln_lrh0.001_frozen_e1_s42,473,1,0.88648,3.3952,0.0,0.0002699822380106572
text+audio_text_ln_lrh0.001_frozen_e1_s42,474,1,1.31668,4.4854,0.0,0.0002682060390763766
text+audio_text_ln_lrh0.001_frozen_e1_s42,475,1,1.38221,3.8485,0.0,0.0002664298401420959
text+audio_text_ln_lrh0.001_frozen_e1_s42,476,1,1.55214,5.6175,0.0,0.00026465364120781525
text+audio_text_ln_lrh0.001_frozen_e1_s42,477,1,1.04088,3.4571,0.0,0.00026287744227353465
text+audio_text_ln_lrh0.001_frozen_e1_s42,478,1,1.3244,2.909,0.0,0.000261101243339254
text+audio_text_ln_lrh0.001_frozen_e1_s42,479,1,1.43228,6.1603,0.0,0.0002593250444049733
text+audio_text_ln_lrh0.001_frozen_e1_s42,480,1,1.07327,3.3048,0.0,0.0002575488454706927
text+audio_text_ln_lrh0.001_frozen_e1_s42,481,1,1.53031,3.2531,0.0,0.00025577264653641206
text+audio_text_ln_lrh0.001_frozen_e1_s42,482,1,1.4008,3.5313,0.0,0.0002539964476021314
text+audio_text_ln_lrh0.001_frozen_e1_s42,483,1,1.52361,5.307,0.0,0.0002522202486678508
text+audio_text_ln_lrh0.001_frozen_e1_s42,484,1,1.26132,2.8225,0.0,0.00025044404973357013
text+audio_text_ln_lrh0.001_frozen_e1_s42,485,1,1.35573,3.736,0.0,0.0002486678507992895
text+audio_text_ln_lrh0.001_frozen_e1_s42,486,1,1.0152,2.9944,0.0,0.0002468916518650089
text+audio_text_ln_lrh0.001_frozen_e1_s42,487,1,1.42333,5.2899,0.0,0.00024511545293072826
text+audio_text_ln_lrh0.001_frozen_e1_s42,488,1,1.24627,3.0886,0.0,0.0002433392539964476
text+audio_text_ln_lrh0.001_frozen_e1_s42,489,1,1.39409,3.5839,0.0,0.00024156305506216696
text+audio_text_ln_lrh0.001_frozen_e1_s42,490,1,1.15311,4.0587,0.0,0.00023978685612788633
text+audio_text_ln_lrh0.001_frozen_e1_s42,491,1,1.21086,4.0182,0.0,0.00023801065719360567
text+audio_text_ln_lrh0.001_frozen_e1_s42,492,1,1.3812,4.9724,0.0,0.00023623445825932503
text+audio_text_ln_lrh0.001_frozen_e1_s42,493,1,1.42757,2.9683,0.0,0.00023445825932504443
text+audio_text_ln_lrh0.001_frozen_e1_s42,494,1,1.61478,3.8999,0.0,0.0002326820603907638
text+audio_text_ln_lrh0.001_frozen_e1_s42,495,1,1.37282,2.6474,0.0,0.00023090586145648313
text+audio_text_ln_lrh0.001_frozen_e1_s42,496,1,1.45764,4.3442,0.0,0.0002291296625222025
text+audio_text_ln_lrh0.001_frozen_e1_s42,497,1,1.12369,2.9092,0.0,0.00022735346358792187
text+audio_text_ln_lrh0.001_frozen_e1_s42,498,1,1.20679,3.1604,0.0,0.0002255772646536412
text+audio_text_ln_lrh0.001_frozen_e1_s42,499,1,1.50614,4.971,0.0,0.00022380106571936057
text+audio_text_ln_lrh0.001_frozen_e1_s42,500,1,1.08729,2.2657,0.0,0.00022202486678507994
text+audio_text_ln_lrh0.001_frozen_e1_s42,501,1,2.12498,5.3442,0.0,0.0002202486678507993
text+audio_text_ln_lrh0.001_frozen_e1_s42,502,1,1.31828,3.296,0.0,0.00021847246891651864
text+audio_text_ln_lrh0.001_frozen_e1_s42,503,1,1.33293,2.7181,0.0,0.000216696269982238
text+audio_text_ln_lrh0.001_frozen_e1_s42,504,1,1.20432,2.9465,0.0,0.00021492007104795738
text+audio_text_ln_lrh0.001_frozen_e1_s42,505,1,0.84218,3.8179,0.0,0.00021314387211367671
text+audio_text_ln_lrh0.001_frozen_e1_s42,506,1,1.52145,3.9027,0.0,0.00021136767317939608
text+audio_text_ln_lrh0.001_frozen_e1_s42,507,1,1.65032,4.7816,0.0,0.00020959147424511545
text+audio_text_ln_lrh0.001_frozen_e1_s42,508,1,1.26596,3.989,0.0,0.00020781527531083484
text+audio_text_ln_lrh0.001_frozen_e1_s42,509,1,1.16216,3.7759,0.0,0.00020603907637655418
text+audio_text_ln_lrh0.001_frozen_e1_s42,510,1,1.40422,3.9774,0.0,0.00020426287744227355
text+audio_text_ln_lrh0.001_frozen_e1_s42,511,1,1.49031,3.4908,0.0,0.0002024866785079929
text+audio_text_ln_lrh0.001_frozen_e1_s42,512,1,1.10185,4.6746,0.0,0.00020071047957371228
text+audio_text_ln_lrh0.001_frozen_e1_s42,513,1,1.05291,4.4835,0.0,0.00019893428063943162
text+audio_text_ln_lrh0.001_frozen_e1_s42,514,1,1.1976,3.4802,0.0,0.00019715808170515098
text+audio_text_ln_lrh0.001_frozen_e1_s42,515,1,1.09331,3.1041,0.0,0.00019538188277087035
text+audio_text_ln_lrh0.001_frozen_e1_s42,516,1,1.23236,3.8809,0.0,0.0001936056838365897
text+audio_text_ln_lrh0.001_frozen_e1_s42,517,1,1.08395,4.0592,0.0,0.00019182948490230906
text+audio_text_ln_lrh0.001_frozen_e1_s42,518,1,1.68182,5.5054,0.0,0.00019005328596802842
text+audio_text_ln_lrh0.001_frozen_e1_s42,519,1,1.27382,4.7512,0.0,0.0001882770870337478
text+audio_text_ln_lrh0.001_frozen_e1_s42,520,1,1.46755,4.2732,0.0,0.00018650088809946713
text+audio_text_ln_lrh0.001_frozen_e1_s42,521,1,1.09515,3.7359,0.0,0.0001847246891651865
text+audio_text_ln_lrh0.001_frozen_e1_s42,522,1,1.02121,3.3469,0.0,0.00018294849023090586
text+audio_text_ln_lrh0.001_frozen_e1_s42,523,1,1.0827,3.1943,0.0,0.0001811722912966252
text+audio_text_ln_lrh0.001_frozen_e1_s42,524,1,0.80229,3.3428,0.0,0.0001793960923623446
text+audio_text_ln_lrh0.001_frozen_e1_s42,525,1,1.1493,4.3332,0.0,0.00017761989342806396
text+audio_text_ln_lrh0.001_frozen_e1_s42,526,1,1.64376,4.0864,0.0,0.00017584369449378333
text+audio_text_ln_lrh0.001_frozen_e1_s42,527,1,1.29975,3.5582,0.0,0.00017406749555950267
text+audio_text_ln_lrh0.001_frozen_e1_s42,528,1,1.02203,3.2164,0.0,0.00017229129662522203
text+audio_text_ln_lrh0.001_frozen_e1_s42,529,1,1.49414,2.7859,0.0,0.0001705150976909414
text+audio_text_ln_lrh0.001_frozen_e1_s42,530,1,0.87865,3.1054,0.0,0.00016873889875666074
text+audio_text_ln_lrh0.001_frozen_e1_s42,531,1,1.73355,5.9233,0.0,0.0001669626998223801
text+audio_text_ln_lrh0.001_frozen_e1_s42,532,1,1.15641,2.5857,0.0,0.00016518650088809947
text+audio_text_ln_lrh0.001_frozen_e1_s42,533,1,1.40079,4.7005,0.0,0.00016341030195381884
text+audio_text_ln_lrh0.001_frozen_e1_s42,534,1,0.92247,2.7553,0.0,0.00016163410301953818
text+audio_text_ln_lrh0.001_frozen_e1_s42,535,1,1.76906,4.2346,0.0,0.00015985790408525754
text+audio_text_ln_lrh0.001_frozen_e1_s42,536,1,1.28116,3.6146,0.0,0.0001580817051509769
text+audio_text_ln_lrh0.001_frozen_e1_s42,537,1,1.39057,4.479,0.0,0.00015630550621669628
text+audio_text_ln_lrh0.001_frozen_e1_s42,538,1,1.44849,4.0541,0.0,0.00015452930728241561
text+audio_text_ln_lrh0.001_frozen_e1_s42,539,1,1.20456,2.4077,0.0,0.000152753108348135
text+audio_text_ln_lrh0.001_frozen_e1_s42,540,1,1.32539,3.6321,0.0,0.00015097690941385437
text+audio_text_ln_lrh0.001_frozen_e1_s42,541,1,1.28001,3.0737,0.0,0.00014920071047957371
text+audio_text_ln_lrh0.001_frozen_e1_s42,542,1,1.09378,2.9698,0.0,0.00014742451154529308
text+audio_text_ln_lrh0.001_frozen_e1_s42,543,1,0.99139,2.6153,0.0,0.00014564831261101245
text+audio_text_ln_lrh0.001_frozen_e1_s42,544,1,1.305,3.1966,0.0,0.0001438721136767318
text+audio_text_ln_lrh0.001_frozen_e1_s42,545,1,1.21463,4.421,0.0,0.00014209591474245115
text+audio_text_ln_lrh0.001_frozen_e1_s42,546,1,1.26683,3.2709,0.0,0.00014031971580817052
text+audio_text_ln_lrh0.001_frozen_e1_s42,547,1,1.38931,5.5817,0.0,0.00013854351687388988
text+audio_text_ln_lrh0.001_frozen_e1_s42,548,1,1.50789,3.9675,0.0,0.00013676731793960922
text+audio_text_ln_lrh0.001_frozen_e1_s42,549,1,1.10221,3.7562,0.0,0.0001349911190053286
text+audio_text_ln_lrh0.001_frozen_e1_s42,550,1,1.27014,3.1276,0.0,0.00013321492007104796
text+audio_text_ln_lrh0.001_frozen_e1_s42,551,1,1.29139,4.5848,0.0,0.00013143872113676732
text+audio_text_ln_lrh0.001_frozen_e1_s42,552,1,0.90278,2.1942,0.0,0.00012966252220248666
text+audio_text_ln_lrh0.001_frozen_e1_s42,553,1,1.23431,4.9001,0.0,0.00012788632326820603
text+audio_text_ln_lrh0.001_frozen_e1_s42,554,1,1.17133,2.5992,0.0,0.0001261101243339254
text+audio_text_ln_lrh0.001_frozen_e1_s42,555,1,1.38041,3.385,0.0,0.00012433392539964476
text+audio_text_ln_lrh0.001_frozen_e1_s42,556,1,1.51682,3.2214,0.0,0.00012255772646536413
text+audio_text_ln_lrh0.001_frozen_e1_s42,557,1,1.62552,7.3091,0.0,0.00012078152753108348
text+audio_text_ln_lrh0.001_frozen_e1_s42,558,1,1.11043,3.4532,0.0,0.00011900532859680283
text+audio_text_ln_lrh0.001_frozen_e1_s42,559,1,1.07,3.5335,0.0,0.00011722912966252221
text+audio_text_ln_lrh0.001_frozen_e1_s42,560,1,1.56775,4.0279,0.0,0.00011545293072824157
text+audio_text_ln_lrh0.001_frozen_e1_s42,561,1,1.17204,2.5993,0.0,0.00011367673179396093
text+audio_text_ln_lrh0.001_frozen_e1_s42,562,1,1.29525,2.8951,0.0,0.00011190053285968029
text+audio_text_ln_lrh0.001_frozen_e1_s42,563,1,1.07597,2.5006,0.0,0.00011012433392539965
text+audio_text_ln_lrh0.001_frozen_e1_s42,564,1,1.24026,3.3935,0.0,0.000108348134991119
text+audio_text_ln_lrh0.001_frozen_e1_s42,565,1,1.14456,5.683,0.0,0.00010657193605683836
text+audio_text_ln_lrh0.001_frozen_e1_s42,566,1,1.42733,2.7888,0.0,0.00010479573712255772
text+audio_text_ln_lrh0.001_frozen_e1_s42,567,1,1.45883,4.0634,0.0,0.00010301953818827709
text+audio_text_ln_lrh0.001_frozen_e1_s42,568,1,1.38814,2.4294,0.0,0.00010124333925399646
text+audio_text_ln_lrh0.001_frozen_e1_s42,569,1,1.41185,4.271,0.0,9.946714031971581e-05
text+audio_text_ln_lrh0.001_frozen_e1_s42,570,1,1.44521,3.7667,0.0,9.769094138543518e-05
text+audio_text_ln_lrh0.001_frozen_e1_s42,571,1,1.53617,4.3819,0.0,9.591474245115453e-05
text+audio_text_ln_lrh0.001_frozen_e1_s42,572,1,1.45459,3.6761,0.0,9.41385435168739e-05
text+audio_text_ln_lrh0.001_frozen_e1_s42,573,1,1.26706,4.1132,0.0,9.236234458259325e-05
text+audio_text_ln_lrh0.001_frozen_e1_s42,574,1,1.49012,2.7714,0.0,9.05861456483126e-05
text+audio_text_ln_lrh0.001_frozen_e1_s42,575,1,1.62899,3.602,0.0,8.880994671403198e-05
text+audio_text_ln_lrh0.001_frozen_e1_s42,576,1,1.11581,2.743,0.0,8.703374777975133e-05
text+audio_text_ln_lrh0.001_frozen_e1_s42,577,1,1.04489,2.2308,0.0,8.52575488454707e-05
text+audio_text_ln_lrh0.001_frozen_e1_s42,578,1,1.36603,4.2686,0.0,8.348134991119005e-05
text+audio_text_ln_lrh0.001_frozen_e1_s42,579,1,1.3777,3.1506,0.0,8.170515097690942e-05
text+audio_text_ln_lrh0.001_frozen_e1_s42,580,1,1.49984,4.2473,0.0,7.992895204262877e-05
text+audio_text_ln_lrh0.001_frozen_e1_s42,581,1,1.31233,4.2013,0.0,7.815275310834814e-05
text+audio_text_ln_lrh0.001_frozen_e1_s42,582,1,1.31369,3.5722,0.0,7.63765541740675e-05
text+audio_text_ln_lrh0.001_frozen_e1_s42,583,1,1.43973,3.2846,0.0,7.460035523978686e-05
text+audio_text_ln_lrh0.001_frozen_e1_s42,584,1,1.33682,2.6024,0.0,7.282415630550622e-05
text+audio_text_ln_lrh0.001_frozen_e1_s42,585,1,1.27447,3.6452,0.0,7.104795737122558e-05
text+audio_text_ln_lrh0.001_frozen_e1_s42,586,1,1.53237,3.3981,0.0,6.927175843694494e-05
text+audio_text_ln_lrh0.001_frozen_e1_s42,587,1,1.48572,3.7171,0.0,6.74955595026643e-05
text+audio_text_ln_lrh0.001_frozen_e1_s42,588,1,1.17953,3.3582,0.0,6.571936056838366e-05
text+audio_text_ln_lrh0.001_frozen_e1_s42,589,1,1.32479,3.6344,0.0,6.394316163410301e-05
text+audio_text_ln_lrh0.001_frozen_e1_s42,590,1,1.77099,4.5094,0.0,6.216696269982238e-05
text+audio_text_ln_lrh0.001_frozen_e1_s42,591,1,1.4246,3.1101,0.0,6.039076376554174e-05
text+audio_text_ln_lrh0.001_frozen_e1_s42,592,1,1.84784,4.144,0.0,5.861456483126111e-05
text+audio_text_ln_lrh0.001_frozen_e1_s42,593,1,1.24038,2.9794,0.0,5.6838365896980466e-05
text+audio_text_ln_lrh0.001_frozen_e1_s42,594,1,1.21749,2.7788,0.0,5.5062166962699826e-05
text+audio_text_ln_lrh0.001_frozen_e1_s42,595,1,1.1967,3.7463,0.0,5.328596802841918e-05
text+audio_text_ln_lrh0.001_frozen_e1_s42,596,1,1.59357,4.1996,0.0,5.1509769094138545e-05
text+audio_text_ln_lrh0.001_frozen_e1_s42,597,1,0.94736,2.6818,0.0,4.9733570159857905e-05
text+audio_text_ln_lrh0.001_frozen_e1_s42,598,1,1.10001,3.8707,0.0,4.7957371225577264e-05
text+audio_text_ln_lrh0.001_frozen_e1_s42,599,1,1.35902,3.8796,0.0,4.6181172291296624e-05
text+audio_text_ln_lrh0.001_frozen_e1_s42,600,1,1.62318,3.6176,0.0,4.440497335701599e-05
text+audio_text_ln_lrh0.001_frozen_e1_s42,601,1,1.4754,4.2745,0.0,4.262877442273535e-05
text+audio_text_ln_lrh0.001_frozen_e1_s42,602,1,1.14133,3.2521,0.0,4.085257548845471e-05
text+audio_text_ln_lrh0.001_frozen_e1_s42,603,1,1.65104,4.3864,0.0,3.907637655417407e-05
text+audio_text_ln_lrh0.001_frozen_e1_s42,604,1,1.26162,3.5538,0.0,3.730017761989343e-05
text+audio_text_ln_lrh0.001_frozen_e1_s42,605,1,1.57828,3.4562,0.0,3.552397868561279e-05
text+audio_text_ln_lrh0.001_frozen_e1_s42,606,1,1.1182,4.1024,0.0,3.374777975133215e-05
text+audio_text_ln_lrh0.001_frozen_e1_s42,607,1,0.96711,4.5703,0.0,3.197158081705151e-05
text+audio_text_ln_lrh0.001_frozen_e1_s42,608,1,1.27193,2.8111,0.0,3.019538188277087e-05
text+audio_text_ln_lrh0.001_frozen_e1_s42,609,1,1.12512,5.2857,0.0,2.8419182948490233e-05
text+audio_text_ln_lrh0.001_frozen_e1_s42,610,1,1.47998,2.7351,0.0,2.664298401420959e-05
text+audio_text_ln_lrh0.001_frozen_e1_s42,611,1,1.18618,2.8644,0.0,2.4866785079928952e-05
text+audio_text_ln_lrh0.001_frozen_e1_s42,612,1,1.39689,2.9832,0.0,2.3090586145648312e-05
text+audio_text_ln_lrh0.001_frozen_e1_s42,613,1,1.56571,5.4416,0.0,2.1314387211367675e-05
text+audio_text_ln_lrh0.001_frozen_e1_s42,614,1,1.39268,3.2919,0.0,1.9538188277087034e-05
text+audio_text_ln_lrh0.001_frozen_e1_s42,615,1,1.72389,3.662,0.0,1.7761989342806394e-05
text+audio_text_ln_lrh0.001_frozen_e1_s42,616,1,1.69142,5.7301,0.0,1.5985790408525754e-05
text+audio_text_ln_lrh0.001_frozen_e1_s42,617,1,1.38678,3.8409,0.0,1.4209591474245117e-05
text+audio_text_ln_lrh0.001_frozen_e1_s42,618,1,0.99384,3.9957,0.0,1.2433392539964476e-05
text+audio_text_ln_lrh0.001_frozen_e1_s42,619,1,1.2408,2.5,0.0,1.0657193605683837e-05
text+audio_text_ln_lrh0.001_frozen_e1_s42,620,1,1.59506,4.2498,0.0,8.880994671403197e-06
text+audio_text_ln_lrh0.001_frozen_e1_s42,621,1,1.39984,3.7343,0.0,7.104795737122558e-06
text+audio_text_ln_lrh0.001_frozen_e1_s42,622,1,1.18745,2.6553,0.0,5.328596802841919e-06
text+audio_text_ln_lrh0.001_frozen_e1_s42,623,1,1.17456,2.3265,0.0,3.552397868561279e-06
text+audio_text_ln_lrh0.001_frozen_e1_s42,624,1,1.37612,2.6601,0.0,1.7761989342806396e-06
text+audio_text_ln_lrh0.001_frozen_e1_s42,625,1,1.69359,8.0243,0.0,0.0
