epoch,step,loss,lr,grad_norm
1,1,1.86774,3.2258064516129035e-07,5.3923
1,2,1.76196,6.451612903225807e-07,8.1515
1,3,1.78619,9.67741935483871e-07,7.5278
1,4,1.7278,1.2903225806451614e-06,5.9596
1,5,1.9376,1.6129032258064516e-06,5.4844
1,6,1.76885,1.935483870967742e-06,7.4908
1,7,1.80486,2.2580645161290324e-06,7.1764
1,8,1.86505,2.580645161290323e-06,3.0677
1,9,1.79051,2.903225806451613e-06,4.4993
1,10,1.82002,3.225806451612903e-06,7.3681
1,11,1.82512,3.548387096774194e-06,5.8833
1,12,1.8479,3.870967741935484e-06,5.8566
1,13,1.95618,4.193548387096774e-06,3.763
1,14,1.85917,4.516129032258065e-06,4.0841
1,15,1.82178,4.838709677419355e-06,5.0386
1,16,1.59348,5.161290322580646e-06,7.9384
1,17,1.78892,5.483870967741935e-06,4.886
1,18,1.8078,5.806451612903226e-06,5.3008
1,19,1.59523,6.129032258064517e-06,6.4526
1,20,1.70804,6.451612903225806e-06,7.1011
1,21,1.84876,6.774193548387097e-06,3.6961
1,22,1.67443,7.096774193548388e-06,6.372
1,23,1.73985,7.4193548387096784e-06,5.9147
1,24,1.77607,7.741935483870968e-06,6.3667
1,25,1.65621,8.064516129032258e-06,6.4825
1,26,1.80692,8.387096774193549e-06,23.1238
1,27,1.74792,8.70967741935484e-06,5.9897
1,28,1.86333,9.03225806451613e-06,3.5859
1,29,1.31993,9.35483870967742e-06,8.7282
1,30,1.62013,9.67741935483871e-06,7.1554
1,31,1.80841,1e-05,5.5058
1,32,1.89084,1.0322580645161291e-05,7.2815
1,33,1.56401,1.0645161290322582e-05,5.426
1,34,1.93216,1.096774193548387e-05,22.4505
1,35,1.77587,1.1290322580645164e-05,6.5705
1,36,1.53148,1.1612903225806453e-05,6.1797
1,37,1.72434,1.1935483870967743e-05,5.1384
1,38,1.45613,1.2258064516129034e-05,9.0304
1,39,1.71903,1.2580645161290324e-05,7.5759
1,40,1.7436,1.2903225806451613e-05,8.3542
1,41,1.6277,1.3225806451612903e-05,90.2662
1,42,1.63436,1.3548387096774194e-05,5.063
1,43,1.11314,1.3870967741935486e-05,8.1243
1,44,1.87018,1.4193548387096776e-05,9.6228
1,45,1.55387,1.4516129032258066e-05,7.7681
1,46,1.69248,1.4838709677419357e-05,5.7244
1,47,1.31633,1.5161290322580646e-05,5.7645
1,48,1.41014,1.5483870967741936e-05,7.6578
1,49,1.58313,1.5806451612903226e-05,6.7782
1,50,1.66554,1.6129032258064517e-05,10.9459
1,51,1.51001,1.6451612903225807e-05,5.6259
1,52,1.44381,1.6774193548387098e-05,6.5219
1,53,1.53128,1.7096774193548388e-05,6.5299
1,54,1.47543,1.741935483870968e-05,6.2627
1,55,1.17475,1.774193548387097e-05,7.7113
1,56,1.76256,1.806451612903226e-05,11.779
1,57,1.1405,1.838709677419355e-05,7.4461
1,58,1.67309,1.870967741935484e-05,11.925
1,59,1.54761,1.903225806451613e-05,15.33
1,60,1.69452,1.935483870967742e-05,7.5532
1,61,1.52558,1.967741935483871e-05,6.379
1,62,1.25728,2e-05,10.5324
1,63,2.10707,1.996447602131439e-05,14.1036
1,64,1.97764,1.9928952042628777e-05,16.013
1,65,1.49848,1.9893428063943163e-05,18.5724
1,66,1.69485,1.9857904085257552e-05,11.1114
1,67,1.80427,1.9822380106571938e-05,18.8221
1,68,1.25934,1.9786856127886323e-05,12.8568
1,69,1.31878,1.9751332149200713e-05,11.7898
1,70,1.42517,1.97158081705151e-05,9.1561
1,71,1.79235,1.9680284191829488e-05,8.5503
1,72,1.4805,1.9644760213143874e-05,11.0349
1,73,1.21765,1.960923623445826e-05,8.8027
1,74,1.72943,1.957371225577265e-05,12.0506
1,75,1.18419,1.9538188277087034e-05,12.1132
1,76,1.53362,1.9502664298401424e-05,9.9057
1,77,1.09607,1.946714031971581e-05,11.9148
1,78,1.61065,1.94316163410302e-05,8.8972
1,79,1.74585,1.9396092362344585e-05,12.0223
1,80,1.30929,1.936056838365897e-05,9.8611
1,81,1.47344,1.932504440497336e-05,11.4328
1,82,1.5246,1.9289520426287745e-05,12.3966
1,83,1.26952,1.925399644760213e-05,9.4047
1,84,1.43938,1.921847246891652e-05,7.9912
1,85,1.61014,1.918294849023091e-05,14.2011
1,86,1.18218,1.9147424511545296e-05,10.2466
1,87,0.99383,1.911190053285968e-05,12.7777
1,88,1.43709,1.907637655417407e-05,9.5827
1,89,1.6357,1.9040852575488456e-05,14.1271
1,90,1.31309,1.9005328596802842e-05,10.6214
1,91,1.33342,1.896980461811723e-05,11.1503
1,92,1.3065,1.8934280639431617e-05,13.5201
1,93,1.6406,1.8898756660746003e-05,15.024
1,94,1.3064,1.8863232682060392e-05,14.4129
1,95,1.6503,1.8827708703374778e-05,11.7113
1,96,1.4977,1.8792184724689168e-05,86.3521
1,97,1.24692,1.8756660746003553e-05,11.0995
1,98,1.18964,1.872113676731794e-05,18.8525
1,99,1.39731,1.868561278863233e-05,14.2185
1,100,1.22132,1.8650088809946714e-05,9.4861
1,101,1.51138,1.8614564831261103e-05,12.2584
1,102,1.23095,1.857904085257549e-05,10.8836
1,103,1.31637,1.854351687388988e-05,12.3175
1,104,1.16574,1.8507992895204264e-05,15.7324
1,105,1.33789,1.847246891651865e-05,14.152
1,106,1.46317,1.843694493783304e-05,10.7669
1,107,1.69354,1.8401420959147425e-05,13.6487
1,108,1.24634,1.836589698046181e-05,11.2419
1,109,1.47709,1.83303730017762e-05,13.6768
1,110,1.18152,1.829484902309059e-05,8.7288
1,111,1.62963,1.8259325044404975e-05,13.1849
1,112,1.22838,1.822380106571936e-05,12.3087
1,113,1.03001,1.818827708703375e-05,10.9898
1,114,1.26145,1.8152753108348136e-05,12.7559
1,115,1.13945,1.8117229129662522e-05,13.5121
1,116,1.57717,1.808170515097691e-05,15.3433
1,117,1.07553,1.8046181172291297e-05,76.1504
1,118,1.78036,1.8010657193605686e-05,20.209
1,119,1.33374,1.7975133214920072e-05,83.4744
1,120,1.41666,1.7939609236234458e-05,9.5355
1,121,1.62993,1.7904085257548847e-05,26.6149
1,122,1.39435,1.7868561278863233e-05,15.0131
1,123,1.32607,1.783303730017762e-05,18.7084
1,124,1.37318,1.7797513321492008e-05,22.6632
1,125,1.07636,1.7761989342806397e-05,15.1348
1,126,1.28434,1.7726465364120783e-05,12.8744
1,127,1.33174,1.769094138543517e-05,15.7426
1,128,1.43843,1.765541740674956e-05,14.1472
1,129,1.45653,1.7619893428063944e-05,13.5325
1,130,1.34158,1.758436944937833e-05,22.4275
1,131,1.39912,1.754884547069272e-05,15.001
1,132,1.63981,1.751332149200711e-05,24.0162
1,133,1.25339,1.7477797513321494e-05,27.7364
1,134,1.61987,1.744227353463588e-05,20.7593
1,135,1.16941,1.740674955595027e-05,14.8432
1,136,1.11051,1.7371225577264655e-05,19.2495
1,137,1.06142,1.733570159857904e-05,13.6504
1,138,0.89164,1.730017761989343e-05,10.9528
1,139,1.28936,1.7264653641207816e-05,19.4911
1,140,1.02064,1.7229129662522205e-05,18.2931
1,141,1.94095,1.719360568383659e-05,27.2088
1,142,0.77992,1.7158081705150977e-05,12.7273
1,143,1.0363,1.7122557726465366e-05,17.5691
1,144,1.7894,1.7087033747779752e-05,26.8476
1,145,1.53102,1.7051509769094138e-05,27.7125
1,146,0.95128,1.7015985790408527e-05,22.5031
1,147,1.29757,1.6980461811722916e-05,21.1792
1,148,1.46345,1.6944937833037302e-05,26.5591
1,149,1.75521,1.6909413854351688e-05,33.3868
1,150,1.2041,1.6873889875666077e-05,19.5305
1,151,1.48077,1.6838365896980463e-05,24.7733
1,152,1.33755,1.680284191829485e-05,17.2338
1,153,1.10318,1.6767317939609238e-05,17.8346
1,154,1.87722,1.6731793960923627e-05,21.6635
1,155,1.11215,1.669626998223801e-05,18.6647
1,156,0.77801,1.66607460035524e-05,13.9113
1,157,1.46413,1.6625222024866788e-05,19.5399
1,158,1.57856,1.6589698046181174e-05,23.5729
1,159,1.49431,1.655417406749556e-05,22.418
1,160,0.98294,1.651865008880995e-05,18.2377
1,161,0.93425,1.6483126110124335e-05,15.3432
1,162,1.39388,1.644760213143872e-05,15.1271
1,163,1.38261,1.641207815275311e-05,18.3729
1,164,1.34874,1.6376554174067496e-05,87.2298
1,165,0.64966,1.6341030195381885e-05,10.962
1,166,0.98878,1.630550621669627e-05,17.0265
1,167,1.49833,1.6269982238010657e-05,21.6822
1,168,1.4474,1.6234458259325046e-05,21.0248
1,169,0.89549,1.6198934280639432e-05,17.8096
1,170,1.31595,1.6163410301953818e-05,22.7384
1,171,1.10019,1.6127886323268207e-05,20.7818
1,172,1.33522,1.6092362344582596e-05,19.4794
1,173,1.00228,1.6056838365896982e-05,19.1922
1,174,0.99264,1.6021314387211368e-05,15.1169
1,175,1.40979,1.5985790408525757e-05,13.9426
1,176,1.21582,1.5950266429840143e-05,11.7792
1,177,1.27077,1.591474245115453e-05,14.3523
1,178,1.2188,1.5879218472468918e-05,18.4881
1,179,1.21253,1.5843694493783307e-05,19.8688
1,180,1.00533,1.5808170515097693e-05,16.684
1,181,1.38409,1.577264653641208e-05,26.0593
1,182,1.14968,1.5737122557726468e-05,17.2874
1,183,1.34213,1.5701598579040854e-05,20.4433
1,184,0.93473,1.566607460035524e-05,12.5028
1,185,0.98985,1.563055062166963e-05,13.6928
1,186,1.21048,1.5595026642984015e-05,19.874
1,187,1.49798,1.5559502664298404e-05,14.4915
1,188,0.99356,1.552397868561279e-05,12.3984
1,189,0.95497,1.5488454706927176e-05,10.8719
1,190,1.2428,1.5452930728241565e-05,14.1726
1,191,1.31187,1.541740674955595e-05,14.7198
1,192,1.30555,1.5381882770870337e-05,19.2608
1,193,1.27442,1.5346358792184726e-05,23.9704
1,194,1.66883,1.5310834813499115e-05,25.2626
1,195,1.32093,1.52753108348135e-05,21.3133
1,196,0.76699,1.5239786856127887e-05,13.4175
1,197,1.12603,1.5204262877442276e-05,26.1294
1,198,1.23437,1.5168738898756663e-05,16.8866
1,199,0.71757,1.513321492007105e-05,12.1772
1,200,1.52341,1.5097690941385437e-05,19.0094
1,201,1.50555,1.5062166962699824e-05,14.6369
1,202,0.79285,1.502664298401421e-05,14.7878
1,203,1.44737,1.4991119005328598e-05,17.8032
1,204,1.22874,1.4955595026642987e-05,20.5999
1,205,1.35988,1.4920071047957371e-05,15.6402
1,206,1.14473,1.488454706927176e-05,16.9534
1,207,1.55699,1.4849023090586148e-05,24.5977
1,208,0.86826,1.4813499111900534e-05,17.527
1,209,1.39191,1.4777975133214921e-05,19.8144
1,210,1.35704,1.4742451154529309e-05,16.7098
1,211,1.40539,1.4706927175843695e-05,21.9822
1,212,1.42636,1.4671403197158082e-05,28.8097
1,213,1.41238,1.4635879218472471e-05,16.3454
1,214,1.08151,1.4600355239786857e-05,14.3328
1,215,0.81449,1.4564831261101245e-05,16.2754
1,216,1.72307,1.4529307282415632e-05,21.0877
1,217,1.54521,1.4493783303730018e-05,25.6533
1,218,1.19221,1.4458259325044406e-05,34.4304
1,219,1.22656,1.4422735346358793e-05,16.3675
1,220,1.3438,1.4387211367673179e-05,22.2197
1,221,1.24446,1.4351687388987568e-05,12.872
1,222,1.04655,1.4316163410301956e-05,18.6107
1,223,1.59979,1.4280639431616343e-05,20.1288
1,224,1.27657,1.4245115452930729e-05,16.9093
1,225,1.39487,1.4209591474245117e-05,14.4881
1,226,1.01649,1.4174067495559504e-05,22.5785
1,227,1.33201,1.413854351687389e-05,17.9823
1,228,0.98945,1.410301953818828e-05,22.927
1,229,1.07449,1.4067495559502667e-05,16.5658
1,230,0.91833,1.4031971580817053e-05,17.0481
1,231,1.34697,1.399644760213144e-05,16.9586
1,232,1.32627,1.3960923623445828e-05,13.6967
1,233,1.68137,1.3925399644760213e-05,16.3442
1,234,1.23373,1.3889875666074601e-05,22.3459
1,235,1.7038,1.385435168738899e-05,23.9909
1,236,1.57215,1.3818827708703374e-05,28.3054
1,237,1.24247,1.3783303730017764e-05,17.385
1,238,1.05751,1.3747779751332151e-05,17.8548
1,239,0.91556,1.3712255772646537e-05,16.8597
1,240,1.47267,1.3676731793960924e-05,13.124
1,241,0.84558,1.3641207815275312e-05,15.8068
1,242,1.01611,1.3605683836589698e-05,15.5543
1,243,1.21037,1.3570159857904085e-05,16.5334
1,244,1.04552,1.3534635879218475e-05,16.3677
1,245,1.0178,1.349911190053286e-05,12.641
1,246,1.29623,1.3463587921847248e-05,12.1375
1,247,1.79571,1.3428063943161635e-05,14.7994
1,248,0.89663,1.3392539964476023e-05,11.9713
1,249,0.78884,1.3357015985790409e-05,13.2664
1,250,1.07712,1.3321492007104796e-05,16.6579
1,251,0.8674,1.3285968028419186e-05,13.5268
1,252,1.55704,1.3250444049733571e-05,15.7806
1,253,0.9609,1.3214920071047959e-05,11.9974
1,254,0.9028,1.3179396092362346e-05,13.5503
1,255,0.37082,1.3143872113676732e-05,13.3105
1,256,1.20719,1.310834813499112e-05,14.7169
1,257,1.23939,1.3072824156305507e-05,16.8063
1,258,1.28617,1.3037300177619893e-05,27.656
1,259,1.18841,1.3001776198934282e-05,14.3534
1,260,1.43119,1.296625222024867e-05,34.1191
1,261,0.60692,1.2930728241563056e-05,12.5543
1,262,1.09617,1.2895204262877443e-05,17.0164
1,263,1.09637,1.2859680284191831e-05,13.2117
1,264,0.91739,1.2824156305506217e-05,12.8936
1,265,1.45909,1.2788632326820604e-05,19.4229
1,266,0.91723,1.2753108348134993e-05,17.1803
1,267,1.40183,1.2717584369449378e-05,16.7516
1,268,1.02572,1.2682060390763767e-05,12.9533
1,269,1.17993,1.2646536412078154e-05,17.9446
1,270,0.7384,1.261101243339254e-05,10.0555
1,271,0.99263,1.2575488454706928e-05,16.7711
1,272,1.17251,1.2539964476021315e-05,14.961
1,273,1.03411,1.2504440497335704e-05,16.3785
1,274,1.39748,1.2468916518650089e-05,22.1901
1,275,0.55536,1.2433392539964478e-05,12.7084
1,276,1.71124,1.2397868561278865e-05,19.8044
1,277,1.04398,1.2362344582593251e-05,14.051
1,278,1.5505,1.2326820603907639e-05,24.423
1,279,0.87245,1.2291296625222026e-05,17.7611
1,280,0.91721,1.2255772646536412e-05,14.2838
1,281,0.71838,1.22202486678508e-05,17.8077
1,282,1.03895,1.2184724689165189e-05,15.9811
1,283,1.23674,1.2149200710479575e-05,15.2748
1,284,1.15298,1.2113676731793962e-05,13.3269
1,285,0.85074,1.207815275310835e-05,16.0708
1,286,1.11702,1.2042628774422736e-05,16.2354
1,287,1.0037,1.2007104795737123e-05,20.2518
1,288,1.05431,1.197158081705151e-05,15.5545
1,289,1.62928,1.1936056838365897e-05,19.3307
1,290,1.27602,1.1900532859680286e-05,16.8737
1,291,0.97542,1.1865008880994673e-05,15.4967
1,292,1.24954,1.1829484902309059e-05,21.3634
1,293,1.01545,1.1793960923623447e-05,31.6708
1,294,0.8392,1.1758436944937834e-05,23.7658
1,295,0.81839,1.1722912966252222e-05,18.6048
1,296,0.99876,1.1687388987566608e-05,26.4673
1,297,1.88939,1.1651865008880997e-05,21.5915
1,298,0.8059,1.1616341030195384e-05,20.1408
1,299,1.14194,1.158081705150977e-05,17.0657
1,300,1.25281,1.1545293072824158e-05,25.6293
1,301,1.43935,1.1509769094138545e-05,20.6422
1,302,1.23853,1.1474245115452931e-05,12.3353
1,303,0.83181,1.1438721136767319e-05,12.7237
1,304,1.05364,1.1403197158081706e-05,17.2049
1,305,0.88826,1.1367673179396092e-05,16.7928
1,306,1.58219,1.1332149200710481e-05,15.8825
1,307,0.7856,1.1296625222024869e-05,15.2316
1,308,0.74284,1.1261101243339254e-05,15.0061
1,309,1.15737,1.1225577264653642e-05,13.245
1,310,1.07803,1.119005328596803e-05,21.5566
1,311,1.53487,1.1154529307282415e-05,21.8126
1,312,0.53465,1.1119005328596803e-05,15.5179
1,313,0.84835,1.1083481349911192e-05,17.2237
1,314,1.54771,1.1047957371225578e-05,19.7599
1,315,1.82577,1.1012433392539966e-05,21.2937
1,316,1.6043,1.0976909413854353e-05,23.7184
1,317,1.37685,1.0941385435168739e-05,17.4816
1,318,1.56181,1.0905861456483126e-05,15.4801
1,319,1.35017,1.0870337477797514e-05,13.5167
1,320,0.97603,1.0834813499111903e-05,19.8947
1,321,1.03811,1.0799289520426289e-05,16.6281
1,322,1.60989,1.0763765541740677e-05,18.6537
1,323,1.06085,1.0728241563055064e-05,15.5708
1,324,1.33424,1.069271758436945e-05,20.8324
1,325,1.37172,1.0657193605683837e-05,18.5085
1,326,0.96724,1.0621669626998225e-05,17.4067
1,327,1.25406,1.058614564831261e-05,13.2506
1,328,1.29357,1.0550621669627e-05,19.601
1,329,0.74689,1.0515097690941388e-05,15.0541
1,330,1.10205,1.0479573712255773e-05,17.1425
1,331,1.8798,1.0444049733570161e-05,23.1318
1,332,0.73077,1.0408525754884548e-05,9.2409
1,333,0.89485,1.0373001776198934e-05,13.9119
1,334,1.19497,1.0337477797513322e-05,26.1753
1,335,1.30836,1.030195381882771e-05,17.6075
1,336,1.00024,1.0266429840142095e-05,14.2604
1,337,1.26967,1.0230905861456484e-05,13.621
1,338,1.11401,1.0195381882770872e-05,14.4292
1,339,0.71137,1.0159857904085258e-05,14.3278
1,340,1.96876,1.0124333925399645e-05,19.6441
1,341,0.95402,1.0088809946714033e-05,13.3792
1,342,1.1192,1.0053285968028419e-05,16.3875
1,343,1.18815,1.0017761989342806e-05,17.1592
1,344,1.15318,9.982238010657195e-06,21.9367
1,345,1.33547,9.946714031971581e-06,24.1145
1,346,0.88256,9.911190053285969e-06,21.4824
1,347,1.63073,9.875666074600356e-06,18.0673
1,348,1.11918,9.840142095914744e-06,13.5918
1,349,1.02436,9.80461811722913e-06,14.0918
1,350,0.87882,9.769094138543517e-06,13.5996
1,351,0.45356,9.733570159857905e-06,16.2907
1,352,1.47227,9.698046181172292e-06,18.5632
1,353,1.31108,9.66252220248668e-06,26.8676
1,354,0.8569,9.626998223801066e-06,17.2772
1,355,0.99223,9.591474245115455e-06,17.6089
1,356,1.3223,9.55595026642984e-06,21.5842
1,357,0.9342,9.520426287744228e-06,13.358
1,358,0.85527,9.484902309058616e-06,13.8339
1,359,1.21811,9.449378330373002e-06,22.1288
1,360,1.72375,9.413854351687389e-06,17.2204
1,361,1.42664,9.378330373001777e-06,17.8608
1,362,0.76645,9.342806394316164e-06,14.0698
1,363,1.1745,9.307282415630552e-06,15.614
1,364,0.87134,9.27175843694494e-06,12.3683
1,365,1.0008,9.236234458259325e-06,14.5847
1,366,1.12349,9.200710479573713e-06,18.27
1,367,1.15622,9.1651865008881e-06,20.1535
1,368,1.10209,9.129662522202488e-06,18.0628
1,369,1.02332,9.094138543516875e-06,19.4937
1,370,1.14803,9.058614564831261e-06,21.4866
1,371,1.8932,9.023090586145649e-06,24.0438
1,372,1.40661,8.987566607460036e-06,16.4196
1,373,1.6148,8.952042628774424e-06,19.3842
1,374,1.12231,8.91651865008881e-06,15.793
1,375,1.36191,8.880994671403199e-06,22.9126
1,376,1.07178,8.845470692717585e-06,17.527
1,377,1.14013,8.809946714031972e-06,21.3105
1,378,1.18461,8.77442273534636e-06,17.4848
1,379,0.93681,8.738898756660747e-06,19.0507
1,380,1.20557,8.703374777975135e-06,27.1418
1,381,1.60086,8.66785079928952e-06,22.5042
1,382,1.51958,8.632326820603908e-06,16.6472
1,383,0.88387,8.596802841918296e-06,12.939
1,384,1.83867,8.561278863232683e-06,17.3031
1,385,1.34925,8.525754884547069e-06,21.934
1,386,1.24705,8.490230905861458e-06,26.35
1,387,1.18828,8.454706927175844e-06,14.9646
1,388,1.48785,8.419182948490232e-06,19.7642
1,389,1.11018,8.383658969804619e-06,14.5107
1,390,1.2333,8.348134991119005e-06,18.4509
1,391,1.00662,8.312611012433394e-06,17.4998
1,392,1.24854,8.27708703374778e-06,21.3238
1,393,1.24278,8.241563055062167e-06,21.5599
1,394,1.05524,8.206039076376555e-06,14.5926
1,395,1.27081,8.170515097690943e-06,13.4471
1,396,1.24547,8.134991119005328e-06,20.2238
1,397,1.00115,8.099467140319716e-06,11.9819
1,398,1.07488,8.063943161634103e-06,17.6354
1,399,0.66592,8.028419182948491e-06,17.6671
1,400,1.40921,7.992895204262878e-06,16.0229
1,401,1.08589,7.957371225577264e-06,18.1567
1,402,0.76167,7.921847246891654e-06,15.2875
1,403,0.78899,7.88632326820604e-06,16.3208
1,404,1.12517,7.850799289520427e-06,14.6152
1,405,0.80519,7.815275310834814e-06,10.0776
1,406,1.44327,7.779751332149202e-06,16.3161
1,407,1.20091,7.744227353463588e-06,13.3719
1,408,1.56855,7.708703374777975e-06,29.289
1,409,1.17074,7.673179396092363e-06,15.2156
1,410,1.4447,7.63765541740675e-06,19.5055
1,411,1.33958,7.602131438721138e-06,15.986
1,412,0.8828,7.566607460035525e-06,21.3715
1,413,0.54199,7.531083481349912e-06,9.1685
1,414,1.3443,7.495559502664299e-06,16.4986
1,415,0.98608,7.4600355239786855e-06,16.9801
1,416,1.1936,7.424511545293074e-06,22.0101
1,417,1.45157,7.388987566607461e-06,16.9186
1,418,0.87727,7.353463587921847e-06,16.3151
1,419,1.30215,7.317939609236236e-06,31.456
1,420,1.24254,7.282415630550622e-06,21.7141
1,421,0.99182,7.246891651865009e-06,30.0407
1,422,1.46734,7.2113676731793965e-06,20.8349
1,423,0.9047,7.175843694493784e-06,13.544
1,424,1.03772,7.140319715808172e-06,12.8409
1,425,0.97042,7.104795737122558e-06,15.4279
1,426,1.23676,7.069271758436945e-06,23.3065
1,427,0.81478,7.033747779751333e-06,12.8011
1,428,1.84949,6.99822380106572e-06,16.5288
1,429,1.17365,6.962699822380107e-06,19.1326
1,430,0.9918,6.927175843694495e-06,15.2704
1,431,1.47098,6.891651865008882e-06,19.9526
1,432,1.29281,6.8561278863232685e-06,53.8523
1,433,1.42505,6.820603907637656e-06,20.3574
1,434,1.16451,6.785079928952043e-06,19.6144
1,435,1.17612,6.74955595026643e-06,15.6479
1,436,1.57054,6.714031971580818e-06,15.7194
1,437,1.23406,6.678507992895204e-06,17.019
1,438,1.41691,6.642984014209593e-06,19.8329
1,439,0.96501,6.6074600355239795e-06,16.9569
1,440,1.37918,6.571936056838366e-06,15.1496
1,441,1.44039,6.536412078152754e-06,23.1455
1,442,1.54449,6.500888099467141e-06,22.5045
1,443,0.95594,6.465364120781528e-06,15.4468
1,444,0.68169,6.4298401420959154e-06,17.7631
1,445,1.53789,6.394316163410302e-06,20.0203
1,446,1.01915,6.358792184724689e-06,14.5898
1,447,0.9271,6.323268206039077e-06,13.199
1,448,1.0237,6.287744227353464e-06,28.7053
1,449,1.20877,6.252220248667852e-06,16.4924
1,450,1.468,6.216696269982239e-06,19.1058
1,451,1.02362,6.181172291296626e-06,18.3001
1,452,1.86511,6.145648312611013e-06,16.6001
1,453,0.86312,6.1101243339254e-06,11.346
1,454,1.10787,6.074600355239787e-06,13.7631
1,455,1.17563,6.039076376554175e-06,13.3222
1,456,1.09713,6.0035523978685616e-06,20.3585
1,457,0.80712,5.968028419182948e-06,10.8924
1,458,1.18424,5.932504440497337e-06,20.1695
1,459,1.44342,5.896980461811723e-06,12.671
1,460,1.00498,5.861456483126111e-06,13.8573
1,461,1.19085,5.825932504440498e-06,13.01
1,462,1.51802,5.790408525754885e-06,19.8054
1,463,1.84901,5.754884547069273e-06,20.7635
1,464,0.97729,5.719360568383659e-06,13.3726
1,465,1.11998,5.683836589698046e-06,17.3956
1,466,1.30123,5.648312611012434e-06,14.6846
1,467,1.30334,5.612788632326821e-06,18.542
1,468,0.99358,5.577264653641208e-06,13.9829
1,469,0.94941,5.541740674955596e-06,15.4578
1,470,1.32548,5.506216696269983e-06,18.6981
1,471,0.90392,5.4706927175843694e-06,19.6946
1,472,1.48012,5.435168738898757e-06,22.0194
1,473,0.98969,5.3996447602131445e-06,17.1484
1,474,1.33353,5.364120781527532e-06,16.515
1,475,1.02765,5.328596802841919e-06,19.6588
1,476,1.12936,5.293072824156305e-06,16.4174
1,477,1.33417,5.257548845470694e-06,23.5337
1,478,1.21796,5.2220248667850805e-06,18.6519
1,479,1.45499,5.186500888099467e-06,29.8696
1,480,1.07534,5.150976909413855e-06,15.7375
1,481,1.13351,5.115452930728242e-06,12.8293
1,482,1.25822,5.079928952042629e-06,15.3731
1,483,1.67227,5.044404973357016e-06,20.6668
1,484,0.74798,5.008880994671403e-06,14.3613
1,485,0.93264,4.973357015985791e-06,13.075
1,486,1.11792,4.937833037300178e-06,18.3636
1,487,1.25324,4.902309058614565e-06,37.9883
1,488,1.14731,4.866785079928952e-06,15.4745
1,489,0.59729,4.83126110124334e-06,17.8697
1,490,0.85774,4.7957371225577274e-06,36.0569
1,491,0.80679,4.760213143872114e-06,10.9496
1,492,1.15063,4.724689165186501e-06,18.3158
1,493,1.13776,4.689165186500888e-06,24.6776
1,494,1.48889,4.653641207815276e-06,17.4568
1,495,0.91684,4.6181172291296625e-06,15.3943
1,496,0.67739,4.58259325044405e-06,14.2521
1,497,1.1374,4.547069271758438e-06,16.4146
1,498,1.23254,4.511545293072824e-06,13.1989
1,499,0.57704,4.476021314387212e-06,14.7066
1,500,1.00652,4.440497335701599e-06,18.7839
1,501,0.66574,4.404973357015986e-06,15.2523
1,502,1.43557,4.3694493783303736e-06,37.3816
1,503,0.87572,4.33392539964476e-06,18.2544
1,504,1.03063,4.298401420959148e-06,14.1405
1,505,1.00009,4.2628774422735345e-06,15.3408
1,506,0.59004,4.227353463587922e-06,12.5141
1,507,1.24152,4.1918294849023095e-06,19.9046
1,508,1.24488,4.156305506216697e-06,20.7954
1,509,0.65736,4.120781527531084e-06,9.9127
1,510,0.95355,4.085257548845471e-06,22.7219
1,511,1.56347,4.049733570159858e-06,21.3143
1,512,1.39571,4.0142095914742455e-06,15.0667
1,513,1.50611,3.978685612788632e-06,20.8249
1,514,1.23466,3.94316163410302e-06,26.5968
1,515,1.17172,3.907637655417407e-06,21.7356
1,516,1.58507,3.872113676731794e-06,21.5708
1,517,1.10511,3.8365896980461814e-06,16.3983
1,518,1.2558,3.801065719360569e-06,16.7167
1,519,1.26055,3.765541740674956e-06,17.1309
1,520,0.54512,3.7300177619893428e-06,15.0346
1,521,0.93351,3.6944937833037303e-06,11.5631
1,522,0.5935,3.658969804618118e-06,10.9107
1,523,1.08811,3.6234458259325045e-06,15.233
1,524,1.22842,3.587921847246892e-06,42.793
1,525,0.98315,3.552397868561279e-06,12.9313
1,526,1.28156,3.5168738898756667e-06,13.263
1,527,1.21346,3.4813499111900534e-06,12.0761
1,528,1.60051,3.445825932504441e-06,19.1596
1,529,0.98048,3.410301953818828e-06,13.5081
1,530,1.00393,3.374777975133215e-06,15.8719
1,531,0.70695,3.339253996447602e-06,13.8341
1,532,1.17899,3.3037300177619897e-06,22.3608
1,533,1.18421,3.268206039076377e-06,20.9404
1,534,0.97182,3.232682060390764e-06,29.0967
1,535,1.019,3.197158081705151e-06,19.2562
1,536,1.11801,3.1616341030195386e-06,17.2368
1,537,0.90375,3.126110124333926e-06,18.2633
1,538,0.71086,3.090586145648313e-06,17.0021
1,539,1.27434,3.0550621669627e-06,15.7179
1,540,1.46593,3.0195381882770874e-06,18.772
1,541,0.86067,2.984014209591474e-06,18.4495
1,542,0.90533,2.9484902309058617e-06,16.1122
1,543,1.67087,2.912966252220249e-06,18.4277
1,544,1.12925,2.8774422735346363e-06,32.0625
1,545,1.16949,2.841918294849023e-06,26.0044
1,546,1.19421,2.8063943161634105e-06,17.7936
1,547,1.22157,2.770870337477798e-06,15.6607
1,548,1.02435,2.7353463587921847e-06,18.8256
1,549,1.33233,2.6998223801065723e-06,19.2449
1,550,0.99401,2.6642984014209594e-06,14.2198
1,551,0.81003,2.628774422735347e-06,14.5607
1,552,1.17332,2.5932504440497336e-06,15.1407
1,553,0.94458,2.557726465364121e-06,10.8751
1,554,0.9021,2.522202486678508e-06,16.6592
1,555,0.75053,2.4866785079928953e-06,14.0579
1,556,1.24805,2.4511545293072824e-06,18.2197
1,557,0.87549,2.41563055062167e-06,15.3477
1,558,0.79045,2.380106571936057e-06,14.6556
1,559,1.04814,2.344582593250444e-06,17.6692
1,560,0.90946,2.3090586145648313e-06,13.4607
1,561,1.34701,2.273534635879219e-06,21.4009
1,562,1.177,2.238010657193606e-06,18.197
1,563,1.1726,2.202486678507993e-06,16.1976
1,564,0.93321,2.16696269982238e-06,15.3465
1,565,1.01571,2.1314387211367672e-06,24.1176
1,566,1.05594,2.0959147424511548e-06,14.8809
1,567,1.59714,2.060390763765542e-06,19.5741
1,568,1.46618,2.024866785079929e-06,18.719
1,569,0.99923,1.989342806394316e-06,19.6573
1,570,1.16155,1.9538188277087036e-06,17.6511
1,571,0.74395,1.9182948490230907e-06,14.6425
1,572,0.75982,1.882770870337478e-06,16.1613
1,573,1.37157,1.8472468916518651e-06,16.3114
1,574,1.09654,1.8117229129662523e-06,15.507
1,575,0.85778,1.7761989342806396e-06,16.3154
1,576,1.13462,1.7406749555950267e-06,16.8567
1,577,1.46071,1.705150976909414e-06,16.6514
1,578,0.93738,1.669626998223801e-06,15.5058
1,579,0.9015,1.6341030195381884e-06,14.9685
1,580,0.78431,1.5985790408525755e-06,17.0742
1,581,0.78263,1.563055062166963e-06,13.5482
1,582,0.62367,1.52753108348135e-06,10.0768
1,583,1.04044,1.492007104795737e-06,17.8018
1,584,0.94131,1.4564831261101246e-06,13.8083
1,585,1.16591,1.4209591474245115e-06,19.2911
1,586,1.56275,1.385435168738899e-06,18.2689
1,587,0.98541,1.3499111900532861e-06,20.6216
1,588,1.10709,1.3143872113676734e-06,17.4197
1,589,0.96957,1.2788632326820606e-06,16.356
1,590,1.25248,1.2433392539964477e-06,20.3576
1,591,1.19113,1.207815275310835e-06,25.0075
1,592,0.83342,1.172291296625222e-06,14.8393
1,593,1.14577,1.1367673179396094e-06,18.4194
1,594,1.36772,1.1012433392539965e-06,17.6595
1,595,1.42221,1.0657193605683836e-06,15.4034
1,596,0.79165,1.030195381882771e-06,21.2976
1,597,0.81928,9.94671403197158e-07,14.6611
1,598,0.54141,9.591474245115454e-07,13.0795
1,599,1.06217,9.236234458259326e-07,27.021
1,600,1.13987,8.880994671403198e-07,12.4879
1,601,1.10756,8.52575488454707e-07,17.0731
1,602,1.12649,8.170515097690942e-07,11.9272
1,603,1.125,7.815275310834815e-07,14.3553
1,604,1.22292,7.460035523978685e-07,16.8615
1,605,0.94486,7.104795737122557e-07,15.9456
1,606,0.89794,6.749555950266431e-07,17.5883
1,607,1.07546,6.394316163410303e-07,11.9101
1,608,0.74197,6.039076376554175e-07,10.5106
1,609,1.04908,5.683836589698047e-07,16.2704
1,610,1.42006,5.328596802841918e-07,15.1977
1,611,1.28348,4.97335701598579e-07,23.8485
1,612,1.43267,4.618117229129663e-07,16.4562
1,613,1.5751,4.262877442273535e-07,19.0478
1,614,1.37122,3.9076376554174077e-07,13.8707
1,615,1.1492,3.5523978685612787e-07,18.5564
1,616,1.13726,3.1971580817051514e-07,17.6853
1,617,1.00341,2.8419182948490235e-07,12.8784
1,618,1.29031,2.486678507992895e-07,18.2518
1,619,1.02779,2.1314387211367675e-07,10.9032
1,620,0.84718,1.7761989342806394e-07,14.2001
1,621,0.60477,1.4209591474245118e-07,13.173
1,622,1.14016,1.0657193605683837e-07,11.1787
1,623,1.15156,7.104795737122559e-08,16.5847
1,624,0.76044,3.5523978685612794e-08,13.9413
1,625,0.60739,0.0,45.5366
