weights,seed,epoch,train_loss,dev_loss,dev_acc,dev_wf1,dev_mf1,secs
none,43,1,1.29161,1.16848,0.60595,0.56966,0.37575,33.9
none,43,2,1.0222,1.15672,0.61497,0.58556,0.40622,32.2
none,43,3,0.84689,1.12528,0.61587,0.60297,0.4565,33.8
none,43,4,0.6835,1.23979,0.60866,0.59322,0.45621,33.9
none,43,5,0.56217,1.30406,0.60505,0.59135,0.46397,33.5
none,44,1,1.33418,1.16618,0.60415,0.57538,0.38258,33.6
none,44,2,1.03123,1.12923,0.61497,0.59441,0.42331,33.3
none,44,3,0.84937,1.13165,0.62128,0.60234,0.46159,33.0
none,44,4,0.68318,1.22347,0.61677,0.60147,0.47954,32.7
none,44,5,0.56837,1.26195,0.60866,0.59505,0.46899,33.7
balanced,43,1,1.71125,1.48879,0.45086,0.48241,0.38107,33.5
balanced,43,2,1.38243,1.24084,0.56267,0.56805,0.44554,32.2
balanced,43,3,1.0998,1.32979,0.54644,0.55808,0.44964,33.9
balanced,43,4,0.86704,1.34231,0.54734,0.55612,0.43543,32.6
balanced,43,5,0.68631,1.35674,0.55185,0.55653,0.44276,33.3
balanced,44,1,1.72963,1.40081,0.51217,0.53924,0.4127,32.0
balanced,44,2,1.38388,1.27655,0.56087,0.57501,0.43554,34.4
balanced,44,3,1.12008,1.301,0.54283,0.55503,0.43406,33.3
balanced,44,4,0.87227,1.27517,0.57439,0.5799,0.45478,33.5
balanced,44,5,0.69027,1.32497,0.56447,0.56837,0.44798,33.9
sqrt,43,1,1.54254,1.27427,0.56898,0.56671,0.43598,33.3
sqrt,43,2,1.23548,1.1366,0.60505,0.58942,0.45038,33.6
sqrt,43,3,1.00076,1.16949,0.58702,0.58828,0.47235,34.5
sqrt,43,4,0.80225,1.24738,0.5771,0.57485,0.45359,34.6
sqrt,43,5,0.65101,1.29031,0.58972,0.58479,0.46793,34.8
sqrt,44,1,1.57663,1.18561,0.59152,0.58409,0.43268,34.7
sqrt,44,2,1.25266,1.14564,0.60685,0.60231,0.44918,32.5
sqrt,44,3,1.02183,1.14027,0.61407,0.60757,0.48538,35.6
sqrt,44,4,0.81028,1.19476,0.60775,0.59806,0.47638,33.9
sqrt,44,5,0.65858,1.25266,0.58792,0.58185,0.45611,34.1
