layer,dev_acc,dev_wF1,dev_mF1,pred_neutral_frac,secs
0,0.4341,0.371,0.2057,0.6958,1.3621
1,0.4287,0.3772,0.2108,0.6399,2.0278
2,0.4395,0.3984,0.2319,0.6047,1.2143
3,0.417,0.3845,0.2388,0.5749,1.1937
4,0.4531,0.4168,0.2566,0.602,3.2928
5,0.4314,0.402,0.2458,0.5821,1.5972
6,0.4404,0.4109,0.2567,0.5975,1.1298
7,0.417,0.3881,0.2404,0.5821,0.9677
8,0.4495,0.4207,0.2707,0.5749,0.957
9,0.4395,0.4107,0.2649,0.5767,1.3089
10,0.4422,0.4082,0.2549,0.5957,1.1891
11,0.4513,0.3952,0.24,0.6877,1.9197
12,0.4495,0.3933,0.2274,0.676,1.8192
mean13,0.4558,0.4241,0.2704,0.5966,1.5896
